date,total_articles,avg_sentiment,std_sentiment,min_sentiment,max_sentiment,dominant_sentiment,avg_sentiment_lag_1d,avg_sentiment_lag_2d,avg_sentiment_lag_3d,avg_sentiment_lag_7d,avg_sentiment_lag_14d,total_articles_lag_1d,total_articles_lag_2d,total_articles_lag_3d,total_articles_lag_7d,total_articles_lag_14d,avg_sentiment_rolling_mean_3d,avg_sentiment_rolling_std_3d,avg_sentiment_rolling_min_3d,avg_sentiment_rolling_max_3d,avg_sentiment_rolling_median_3d,avg_sentiment_rolling_mean_7d,avg_sentiment_rolling_std_7d,avg_sentiment_rolling_min_7d,avg_sentiment_rolling_max_7d,avg_sentiment_rolling_median_7d,avg_sentiment_rolling_mean_14d,avg_sentiment_rolling_std_14d,avg_sentiment_rolling_min_14d,avg_sentiment_rolling_max_14d,avg_sentiment_rolling_median_14d,avg_sentiment_rolling_mean_30d,avg_sentiment_rolling_std_30d,avg_sentiment_rolling_min_30d,avg_sentiment_rolling_max_30d,avg_sentiment_rolling_median_30d,total_articles_rolling_mean_3d,total_articles_rolling_std_3d,total_articles_rolling_min_3d,total_articles_rolling_max_3d,total_articles_rolling_median_3d,total_articles_rolling_mean_7d,total_articles_rolling_std_7d,total_articles_rolling_min_7d,total_articles_rolling_max_7d,total_articles_rolling_median_7d,total_articles_rolling_mean_14d,total_articles_rolling_std_14d,total_articles_rolling_min_14d,total_articles_rolling_max_14d,total_articles_rolling_median_14d,total_articles_rolling_mean_30d,total_articles_rolling_std_30d,total_articles_rolling_min_30d,total_articles_rolling_max_30d,total_articles_rolling_median_30d,day_of_week,is_weekend,day_of_month,week_of_year,month,quarter,is_month_start,is_month_end,is_holiday_hr,days_since_weekend,days_until_weekend,sentiment_momentum_1d,sentiment_momentum_7d,sentiment_acceleration,sentiment_trend,sentiment_trend_streak,volume_change_1d,volume_change_7d,volume_pct_change_1d,volume_acceleration,volume_trend,volume_spike,sentiment_spike,spike_label
2025-10-30,32,0.375,0.6599120175960898,-1,1,positive,,,,,,,,,,,0.375,0.0,0.375,0.375,0.375,0.375,0.0,0.375,0.375,0.375,0.375,0.0,0.375,0.375,0.375,0.375,0.0,0.375,0.375,0.375,32.0,0.0,32.0,32.0,32.0,32.0,0.0,32.0,32.0,32.0,32.0,0.0,32.0,32.0,32.0,32.0,0.0,32.0,32.0,32.0,3,0,30,44,10,4,0,0,0,3,2,,,,0.0,1.0,,,0.0,,0.0,1,0,1
2025-10-31,35,0.3142857142857143,0.8321279798143529,-1,1,positive,0.375,,,,,32.0,,,,,0.34464285714285714,0.04293148314346896,0.3142857142857143,0.375,0.34464285714285714,0.34464285714285714,0.04293148314346896,0.3142857142857143,0.375,0.34464285714285714,0.34464285714285714,0.04293148314346896,0.3142857142857143,0.375,0.34464285714285714,0.34464285714285714,0.04293148314346896,0.3142857142857143,0.375,0.34464285714285714,33.5,2.1213203435596424,32.0,35.0,33.5,33.5,2.1213203435596424,32.0,35.0,33.5,33.5,2.1213203435596424,32.0,35.0,33.5,33.5,2.1213203435596424,32.0,35.0,33.5,4,0,31,44,10,4,0,1,0,4,1,-0.06071428571428572,,,-1.0,1.0,3.0,,0.09375,,1.0,1,0,1
2025-11-01,54,0.3888888888888889,0.7375806106675421,-1,1,positive,0.3142857142857143,0.375,,,,35.0,32.0,,,,0.3593915343915344,0.039675263883255145,0.3142857142857143,0.3888888888888889,0.375,0.3593915343915344,0.039675263883255145,0.3142857142857143,0.3888888888888889,0.375,0.3593915343915344,0.039675263883255145,0.3142857142857143,0.3888888888888889,0.375,0.3593915343915344,0.039675263883255145,0.3142857142857143,0.3888888888888889,0.375,40.333333333333336,11.930353445448853,32.0,54.0,35.0,40.333333333333336,11.930353445448853,32.0,54.0,35.0,40.333333333333336,11.930353445448853,32.0,54.0,35.0,40.333333333333336,11.930353445448853,32.0,54.0,35.0,5,1,1,44,11,4,1,0,1,0,0,0.07460317460317462,,0.13531746031746034,1.0,1.0,19.0,,0.5428571428571429,16.0,1.0,1,0,1
2025-11-02,16,-0.1875,0.8341662504161466,-1,1,negative,0.3888888888888889,0.3142857142857143,0.375,,,54.0,35.0,32.0,,,0.17189153439153437,0.31346947962990596,-0.1875,0.3888888888888889,0.3142857142857143,0.22266865079365078,0.2753579584953962,-0.1875,0.3888888888888889,0.34464285714285714,0.22266865079365078,0.2753579584953962,-0.1875,0.3888888888888889,0.34464285714285714,0.22266865079365078,0.2753579584953962,-0.1875,0.3888888888888889,0.34464285714285714,35.0,19.0,16.0,54.0,35.0,34.25,15.58578412100805,16.0,54.0,33.5,34.25,15.58578412100805,16.0,54.0,33.5,34.25,15.58578412100805,16.0,54.0,33.5,6,1,2,44,11,4,0,0,0,0,0,-0.5763888888888888,,-0.6509920634920634,-1.0,1.0,-38.0,,-0.7037037037037037,-57.0,-1.0,0,1,1
2025-11-03,29,0.1724137931034483,0.7105815283093027,-1,1,neutral,-0.1875,0.3888888888888889,0.3142857142857143,,,16.0,54.0,35.0,,,0.12460089399744573,0.2911538988221393,-0.1875,0.3888888888888889,0.1724137931034483,0.21261767925561031,0.23952372351054654,-0.1875,0.3888888888888889,0.3142857142857143,0.21261767925561031,0.23952372351054654,-0.1875,0.3888888888888889,0.3142857142857143,0.21261767925561031,0.23952372351054654,-0.1875,0.3888888888888889,0.3142857142857143,33.0,19.313207915827967,16.0,54.0,29.0,33.2,13.700364958642526,16.0,54.0,32.0,33.2,13.700364958642526,16.0,54.0,32.0,33.2,13.700364958642526,16.0,54.0,32.0,0,0,3,45,11,4,0,0,0,0,5,0.3599137931034483,,0.9363026819923371,1.0,1.0,13.0,,0.8125,51.0,1.0,1,0,1
2025-11-04,19,0.21052631578947367,0.5353033790313108,-1,1,neutral,0.1724137931034483,-0.1875,0.3888888888888889,,,29.0,16.0,54.0,,,0.06514670296430732,0.21962674811011612,-0.1875,0.21052631578947367,0.1724137931034483,0.21226911867792086,0.21423823250377907,-0.1875,0.3888888888888889,0.262406015037594,0.21226911867792086,0.21423823250377907,-0.1875,0.3888888888888889,0.262406015037594,0.21226911867792086,0.21423823250377907,-0.1875,0.3888888888888889,0.262406015037594,21.333333333333332,6.8068592855540455,16.0,29.0,19.0,30.833333333333332,13.556056457047776,16.0,54.0,30.5,30.833333333333332,13.556056457047776,16.0,54.0,30.5,30.833333333333332,13.556056457047776,16.0,54.0,30.5,1,0,4,45,11,4,0,0,0,1,4,0.038112522686025385,,-0.3218012704174229,1.0,2.0,-10.0,,-0.3448275862068966,-23.0,-1.0,0,0,0
2025-11-05,13,0.15384615384615385,0.6887372317211945,-1,1,neutral,0.21052631578947367,0.1724137931034483,-0.1875,,,19.0,29.0,16.0,,,0.1789287542463586,0.028896258036300505,0.15384615384615385,0.21052631578947367,0.1724137931034483,0.20392298084481128,0.19681452268330607,-0.1875,0.3888888888888889,0.21052631578947367,0.20392298084481128,0.19681452268330607,-0.1875,0.3888888888888889,0.21052631578947367,0.20392298084481128,0.19681452268330607,-0.1875,0.3888888888888889,0.21052631578947367,20.333333333333332,8.082903768654761,13.0,29.0,19.0,28.285714285714285,14.09153748075165,13.0,54.0,29.0,28.285714285714285,14.09153748075165,13.0,54.0,29.0,28.285714285714285,14.09153748075165,13.0,54.0,29.0,2,0,5,45,11,4,0,0,0,2,3,-0.05668016194331982,,-0.0947926846293452,-1.0,1.0,-6.0,,-0.3157894736842105,4.0,-1.0,0,0,0
2025-11-06,18,0.3333333333333333,0.6859943405700353,-1,1,neutral,0.15384615384615385,0.21052631578947367,0.1724137931034483,0.375,,13.0,19.0,29.0,32.0,,0.23256860098965362,0.09175134142180318,0.15384615384615385,0.3333333333333333,0.21052631578947367,0.19797059989243035,0.1913319171011066,-0.1875,0.3888888888888889,0.21052631578947367,0.22009927490587655,0.18787130756723136,-0.1875,0.3888888888888889,0.262406015037594,0.22009927490587655,0.18787130756723136,-0.1875,0.3888888888888889,0.262406015037594,16.666666666666668,3.214550253664316,13.0,19.0,18.0,26.285714285714285,14.465064646868857,13.0,54.0,19.0,27.0,13.543580450847237,13.0,54.0,24.0,27.0,13.543580450847237,13.0,54.0,24.0,3,0,6,45,11,4,0,0,0,3,2,0.17948717948717946,-0.041666666666666685,0.23616734143049928,1.0,1.0,5.0,-14.0,0.3846153846153846,11.0,1.0,0,0,0
2025-11-07,15,0.26666666666666666,0.7988086367179803,-1,1,positive,0.3333333333333333,0.15384615384615385,0.21052631578947367,0.3142857142857143,,18.0,13.0,19.0,35.0,,0.2512820512820513,0.09072721032284166,0.15384615384615385,0.3333333333333333,0.26666666666666666,0.19116787880399497,0.18731142502260184,-0.1875,0.3888888888888889,0.21052631578947367,0.22527342954596433,0.17642171512401603,-0.1875,0.3888888888888889,0.26666666666666666,0.22527342954596433,0.17642171512401603,-0.1875,0.3888888888888889,0.26666666666666666,15.333333333333334,2.516611478423578,13.0,18.0,15.0,23.428571428571427,14.432107063270918,13.0,54.0,18.0,25.666666666666668,13.285330255586423,13.0,54.0,19.0,25.666666666666668,13.285330255586423,13.0,54.0,19.0,4,0,7,45,11,4,0,0,0,4,1,-0.06666666666666665,-0.047619047619047616,-0.2461538461538461,-1.0,1.0,-3.0,-20.0,-0.16666666666666663,-8.0,-1.0,0,0,0
2025-11-08,16,0.375,0.7187952884282609,-1,1,positive,0.26666666666666666,0.3333333333333333,0.15384615384615385,0.3888888888888889,,15.0,18.0,13.0,54.0,,0.325,0.05464532103584995,0.26666666666666666,0.375,0.3333333333333333,0.189183751819868,0.18492634267873373,-0.1875,0.375,0.21052631578947367,0.2402460865913679,0.1729396856480221,-0.1875,0.3888888888888889,0.29047619047619044,0.2402460865913679,0.1729396856480221,-0.1875,0.3888888888888889,0.29047619047619044,16.333333333333332,1.5275252316519405,15.0,18.0,16.0,18.0,5.22812904711938,13.0,29.0,16.0,24.7,12.89315063641674,13.0,54.0,18.5,24.7,12.89315063641674,13.0,54.0,18.5,5,1,8,45,11,4,0,0,0,0,0,0.10833333333333334,-0.013888888888888895,0.175,1.0,1.0,1.0,-38.0,0.06666666666666665,4.0,1.0,0,0,0
2025-11-09,15,0.0,0.8451542547285166,-1,1,negative,0.375,0.26666666666666666,0.3333333333333333,-0.1875,,16.0,15.0,18.0,16.0,,0.21388888888888888,0.19299059658535275,0.0,0.375,0.26666666666666666,0.21596946610558226,0.12520918159768532,0.0,0.375,0.21052631578947367,0.2184055332648799,0.17934444192812848,-0.1875,0.3888888888888889,0.26666666666666666,0.2184055332648799,0.17934444192812848,-0.1875,0.3888888888888889,0.26666666666666666,15.333333333333334,0.5773502691896069,15.0,16.0,15.0,17.857142857142858,5.304984179322046,13.0,29.0,16.0,23.818181818181817,12.576312510574647,13.0,54.0,18.0,23.818181818181817,12.576312510574647,13.0,54.0,18.0,6,1,9,45,11,4,0,0,0,0,0,-0.375,0.1875,-0.48333333333333334,-1.0,1.0,-1.0,-1.0,-0.0625,-2.0,-1.0,0,0,0
2025-11-10,15,0.5333333333333333,0.6399404734221844,-1,1,positive,0.0,0.375,0.26666666666666666,0.1724137931034483,,15.0,16.0,15.0,29.0,,0.30277777777777776,0.27390353803510487,0.0,0.5333333333333333,0.375,0.26752940042413725,0.17042973856339433,0.0,0.5333333333333333,0.26666666666666666,0.24464951660391768,0.1936629799473766,-0.1875,0.5333333333333333,0.29047619047619044,0.24464951660391768,0.1936629799473766,-0.1875,0.5333333333333333,0.29047619047619044,15.333333333333334,0.5773502691896069,15.0,16.0,15.0,15.857142857142858,2.035400978396445,13.0,19.0,15.0,23.083333333333332,12.258268699745145,13.0,54.0,17.0,23.083333333333332,12.258268699745145,13.0,54.0,17.0,0,0,10,46,11,4,0,0,0,0,5,0.5333333333333333,0.36091954022988504,0.9083333333333333,1.0,1.0,0.0,-14.0,0.0,1.0,0.0,0,1,1
2025-11-11,15,0.13333333333333333,0.833809387832792,-1,1,positive,0.5333333333333333,0.0,0.375,0.21052631578947367,,15.0,15.0,16.0,19.0,,0.2222222222222222,0.27755546659548436,0.0,0.5333333333333333,0.13333333333333333,0.2565018315018315,0.17709966899608687,0.0,0.5333333333333333,0.26666666666666666,0.2360867332754112,0.18797095611705236,-0.1875,0.5333333333333333,0.26666666666666666,0.2360867332754112,0.18797095611705236,-0.1875,0.5333333333333333,0.26666666666666666,15.0,0.0,15.0,15.0,15.0,15.285714285714286,1.496026483086212,13.0,18.0,15.0,22.46153846153846,11.948607900890831,13.0,54.0,16.0,22.46153846153846,11.948607900890831,13.0,54.0,16.0,1,0,11,46,11,4,0,0,0,1,4,-0.4,-0.07719298245614034,-0.9333333333333333,-1.0,1.0,0.0,-4.0,0.0,0.0,0.0,0,0,0
2025-11-12,19,-0.05263157894736842,0.7050361858740393,-1,1,neutral,0.13333333333333333,0.5333333333333333,0.0,0.15384615384615385,,15.0,15.0,15.0,13.0,,0.20467836257309943,0.2994266262441434,-0.05263157894736842,0.5333333333333333,0.13333333333333333,0.22700501253132832,0.21099786631879236,-0.05263157894736842,0.5333333333333333,0.26666666666666666,0.2154639966880698,0.19639071461572252,-0.1875,0.5333333333333333,0.23859649122807017,0.2154639966880698,0.19639071461572252,-0.1875,0.5333333333333333,0.23859649122807017,16.333333333333332,2.3094010767584994,15.0,19.0,15.0,16.142857142857142,1.6761634196950699,15.0,19.0,15.0,22.214285714285715,11.51706807928377,13.0,54.0,17.0,22.214285714285715,11.51706807928377,13.0,54.0,17.0,2,0,12,46,11,4,0,0,0,2,3,-0.18596491228070175,-0.20647773279352227,0.21403508771929827,-1.0,2.0,4.0,6.0,0.2666666666666666,4.0,1.0,0,0,0
2025-11-13,20,0.45,0.6863327411532597,-1,1,positive,-0.05263157894736842,0.13333333333333333,0.5333333333333333,0.3333333333333333,0.375,19.0,15.0,15.0,18.0,32.0,0.17690058479532164,0.25413225904781406,-0.05263157894736842,0.45,0.13333333333333333,0.24367167919799498,0.2249434024125596,-0.05263157894736842,0.5333333333333333,0.26666666666666666,0.22082113954521265,0.20201954989499027,-0.1875,0.5333333333333333,0.23859649122807017,0.2310997302421985,0.1986995327889148,-0.1875,0.5333333333333333,0.26666666666666666,18.0,2.6457513110645876,15.0,20.0,19.0,16.428571428571427,2.149196970742254,15.0,20.0,15.0,21.357142857142858,11.17419515502738,13.0,54.0,17.0,22.066666666666666,11.112841135157026,13.0,54.0,18.0,3,0,13,46,11,4,0,0,0,3,2,0.5026315789473684,0.1166666666666667,0.6885964912280702,1.0,1.0,1.0,2.0,0.05263157894736836,-3.0,1.0,0,1,1
2025-11-14,20,0.25,0.7863975156570493,-1,1,positive,0.45,-0.05263157894736842,0.13333333333333333,0.26666666666666666,0.3142857142857143,20.0,19.0,15.0,15.0,35.0,0.21578947368421053,0.2530561125953761,-0.05263157894736842,0.45,0.25,0.24129072681704258,0.2247475626080064,-0.05263157894736842,0.5333333333333333,0.25,0.2162293028105188,0.20045626238442063,-0.1875,0.5333333333333333,0.23026315789473684,0.23228099710206107,0.19202012994511325,-0.1875,0.5333333333333333,0.2583333333333333,19.666666666666668,0.5773502691896124,19.0,20.0,20.0,17.142857142857142,2.4102953780654923,15.0,20.0,16.0,20.285714285714285,10.461861662751495,13.0,54.0,17.0,21.9375,10.748449500586895,13.0,54.0,18.5,4,0,14,46,11,4,0,0,0,4,1,-0.2,-0.016666666666666663,-0.7026315789473685,-1.0,1.0,0.0,5.0,0.0,-1.0,0.0,0,0,0
2025-11-15,19,0.15789473684210525,0.7647191129018726,-1,1,neutral,0.25,0.45,-0.05263157894736842,0.375,0.3888888888888889,20.0,20.0,19.0,16.0,54.0,0.28596491228070176,0.14933679177501655,0.15789473684210525,0.45,0.25,0.21027568922305764,0.218102420473933,-0.05263157894736842,0.5333333333333333,0.15789473684210525,0.1997297205214628,0.19457163058700047,-0.1875,0.5333333333333333,0.19147005444646098,0.22790533473382837,0.18679597511687074,-0.1875,0.5333333333333333,0.25,19.666666666666668,0.5773502691896124,19.0,20.0,20.0,17.571428571428573,2.4397501823713466,15.0,20.0,19.0,17.785714285714285,3.925823214573973,13.0,29.0,17.0,21.764705882352942,10.431499243665229,13.0,54.0,19.0,5,1,15,46,11,4,0,0,0,0,0,-0.09210526315789475,-0.21710526315789475,0.10789473684210527,-1.0,2.0,-1.0,3.0,-0.050000000000000044,-1.0,-1.0,0,0,0
2025-11-16,17,0.47058823529411764,0.7174300539794394,-1,1,positive,0.15789473684210525,0.25,0.45,0.0,-0.1875,19.0,20.0,20.0,15.0,16.0,0.29282765737874095,0.16068591155092837,0.15789473684210525,0.47058823529411764,0.25,0.2775025799793601,0.21498936686030798,-0.05263157894736842,0.5333333333333333,0.25,0.2467360230424712,0.17201045059411155,-0.05263157894736842,0.5333333333333333,0.23026315789473684,0.2413877180982889,0.1900320139346191,-0.1875,0.5333333333333333,0.2583333333333333,18.666666666666668,1.5275252316519423,17.0,20.0,19.0,17.857142857142858,2.1930626551751495,15.0,20.0,19.0,17.857142857142858,3.899845023688919,13.0,29.0,17.5,21.5,10.182164337125743,13.0,54.0,18.5,6,1,16,46,11,4,0,0,0,0,0,0.3126934984520124,0.47058823529411764,0.40479876160990713,1.0,1.0,-2.0,2.0,-0.10526315789473684,-1.0,-1.0,0,0,0
2025-11-17,14,0.35714285714285715,0.6333236937766509,-1,1,neutral,0.47058823529411764,0.15789473684210525,0.25,0.5333333333333333,0.1724137931034483,17.0,19.0,20.0,15.0,29.0,0.3285419430930267,0.15829660516544247,0.15789473684210525,0.47058823529411764,0.35714285714285715,0.2523325119521493,0.1887595650077689,-0.05263157894736842,0.47058823529411764,0.25,0.25993095618814327,0.17295333385261857,-0.05263157894736842,0.5333333333333333,0.2583333333333333,0.24748009383747668,0.1865774870090812,-0.1875,0.5333333333333333,0.26666666666666666,16.666666666666668,2.5166114784235813,14.0,19.0,17.0,17.714285714285715,2.4299715851758372,14.0,20.0,19.0,16.785714285714285,2.359223191208089,13.0,20.0,16.5,21.105263157894736,10.043763885240242,13.0,54.0,18.0,0,0,17,47,11,4,0,0,0,0,5,-0.11344537815126049,-0.17619047619047618,-0.4261388766032729,-1.0,1.0,-3.0,-1.0,-0.17647058823529416,-1.0,-1.0,0,0,0
2025-11-18,14,0.07142857142857142,0.47463114654932337,-1,1,neutral,0.35714285714285715,0.47058823529411764,0.15789473684210525,0.13333333333333333,0.21052631578947367,14.0,17.0,19.0,15.0,19.0,0.29971988795518206,0.20568217559394994,0.07142857142857142,0.47058823529411764,0.35714285714285715,0.2434889745371833,0.19655322196904193,-0.05263157894736842,0.47058823529411764,0.25,0.24999540301950737,0.17986692549085967,-0.05263157894736842,0.5333333333333333,0.2583333333333333,0.23867751771703144,0.18581899617788758,-0.1875,0.5333333333333333,0.2583333333333333,15.0,1.732050807568876,14.0,17.0,14.0,17.571428571428573,2.6367367999823226,14.0,20.0,19.0,16.428571428571427,2.376626106132738,13.0,20.0,15.5,20.75,9.904145862372884,13.0,54.0,17.5,1,0,18,47,11,4,0,0,1,1,4,-0.2857142857142857,-0.06190476190476191,-0.1722689075630252,-1.0,2.0,0.0,-1.0,0.0,3.0,0.0,0,0,0
2025-11-19,15,0.4,0.6324555320336759,-1,1,neutral,0.07142857142857142,0.35714285714285715,0.47058823529411764,-0.05263157894736842,0.15384615384615385,14.0,14.0,17.0,19.0,13.0,0.27619047619047615,0.1786190412715338,0.07142857142857142,0.4,0.35714285714285715,0.30815062867252163,0.1523917247782105,0.07142857142857142,0.47058823529411764,0.35714285714285715,0.267577820601925,0.18176615636539362,-0.05263157894736842,0.5333333333333333,0.3,0.24635954068288707,0.18450351592134095,-0.1875,0.5333333333333333,0.26666666666666666,14.333333333333334,0.5773502691896256,14.0,15.0,14.0,17.0,2.7080128015453324,14.0,20.0,17.0,16.571428571428573,2.2088732148135826,14.0,20.0,15.5,20.476190476190474,9.734572654303053,13.0,54.0,17.0,2,0,19,47,11,4,0,0,0,2,3,0.3285714285714286,0.45263157894736844,0.6142857142857143,1.0,1.0,1.0,-4.0,0.0714285714285714,1.0,1.0,0,0,0
2025-11-20,16,0.25,0.7745966692414833,-1,1,positive,0.4,0.07142857142857142,0.35714285714285715,0.45,0.3333333333333333,15.0,14.0,14.0,20.0,18.0,0.24047619047619048,0.16449262332777023,0.07142857142857142,0.4,0.25,0.27957920010109305,0.13957399019874137,0.07142857142857142,0.47058823529411764,0.25,0.261625439649544,0.1808091478656101,-0.05263157894736842,0.5333333333333333,0.2583333333333333,0.24652501610639221,0.18005866746096985,-0.1875,0.5333333333333333,0.2583333333333333,15.0,0.9999999999999978,14.0,16.0,15.0,16.428571428571427,2.3704530408864217,14.0,20.0,16.0,16.428571428571427,2.1737697038266814,14.0,20.0,15.5,20.272727272727273,9.547783677910449,13.0,54.0,16.5,3,0,20,47,11,4,0,0,0,3,2,-0.15000000000000002,-0.2,-0.47857142857142865,-1.0,1.0,1.0,-4.0,0.06666666666666665,0.0,1.0,0,0,0
2025-11-21,13,0.0,0.7071067811865476,-1,1,neutral,0.25,0.4,0.07142857142857142,0.25,0.26666666666666666,16.0,15.0,14.0,20.0,15.0,0.21666666666666667,0.20207259421636903,0.0,0.4,0.25,0.24386491438680732,0.1757111365574975,0.0,0.47058823529411764,0.25,0.24257782060192495,0.19381561717601575,-0.05263157894736842,0.5333333333333333,0.25,0.23580653714524472,0.18327522877950364,-0.1875,0.5333333333333333,0.25,14.666666666666666,1.5275252316519465,13.0,16.0,15.0,15.428571428571429,2.0701966780270777,13.0,19.0,15.0,16.285714285714285,2.3346411823981565,13.0,20.0,15.5,19.956521739130434,9.450725132686742,13.0,54.0,16.0,4,0,21,47,11,4,0,0,0,4,1,-0.25,-0.25,-0.09999999999999998,-1.0,2.0,-3.0,-7.0,-0.1875,-4.0,-1.0,0,0,0
2025-11-22,16,-0.1875,0.6551081335677849,-1,1,neutral,0.0,0.25,0.4,0.15789473684210525,0.375,13.0,16.0,15.0,19.0,16.0,0.020833333333333332,0.21949278651776546,-0.1875,0.25,0.0,0.19452280912364944,0.24044706123394102,-0.1875,0.47058823529411764,0.25,0.20239924917335353,0.2206928367917993,-0.1875,0.5333333333333333,0.20394736842105263,0.21816876476419286,0.19898634961837547,-0.1875,0.5333333333333333,0.25,15.0,1.7320508075688765,13.0,16.0,16.0,15.0,1.4142135623731165,13.0,17.0,15.0,16.285714285714285,2.3346411823981565,13.0,20.0,15.5,19.791666666666668,9.27820806662236,13.0,54.0,16.0,5,1,22,47,11,4,0,0,0,0,0,-0.1875,-0.34539473684210525,0.0625,-1.0,3.0,3.0,-3.0,0.23076923076923084,6.0,1.0,0,0,0
2025-11-23,18,0.0,0.6859943405700354,-1,1,neutral,-0.1875,0.0,0.25,0.47058823529411764,0.0,16.0,13.0,16.0,17.0,15.0,-0.0625,0.108253175473055,-0.1875,0.0,0.0,0.12729591836734694,0.2148175797405736,-0.1875,0.4,0.07142857142857142,0.20239924917335353,0.2206928367917993,-0.1875,0.5333333333333333,0.20394736842105263,0.20944201417362515,0.19962378722385207,-0.1875,0.5333333333333333,0.25,15.666666666666666,2.516611478423582,13.0,18.0,16.0,15.142857142857142,1.6761634196950699,13.0,18.0,15.0,16.5,2.3452078799117175,13.0,20.0,16.0,19.72,9.089921158440632,13.0,54.0,16.0,6,1,23,47,11,4,0,0,0,0,0,0.1875,-0.47058823529411764,0.375,1.0,1.0,2.0,1.0,0.125,-1.0,1.0,0,0,0
2025-11-24,13,0.0,0.7071067811865476,-1,1,neutral,0.0,-0.1875,0.0,0.35714285714285715,0.5333333333333333,18.0,16.0,13.0,14.0,15.0,-0.0625,0.108253175473055,-0.1875,0.0,0.0,0.07627551020408163,0.1923679705746585,-0.1875,0.4,0.0,0.16430401107811546,0.20461970249435626,-0.1875,0.47058823529411764,0.1456140350877193,0.20138655209002418,0.19985700481208726,-0.1875,0.5333333333333333,0.23026315789473684,15.666666666666666,2.516611478423582,13.0,18.0,16.0,15.0,1.8257418583505702,13.0,18.0,15.0,16.357142857142858,2.499450489058097,13.0,20.0,16.0,19.46153846153846,9.003247277425048,13.0,54.0,16.0,0,0,24,48,11,4,0,0,0,0,5,0.0,-0.35714285714285715,-0.1875,0.0,1.0,-5.0,-1.0,-0.2777777777777778,-7.0,-1.0,0,0,0
2025-11-25,11,0.09090909090909091,0.5393598899705937,-1,1,neutral,0.0,0.0,-0.1875,0.07142857142857142,0.13333333333333333,13.0,18.0,16.0,14.0,15.0,0.030303030303030304,0.052486388108148,0.0,0.09090909090909091,0.0,0.07905844155844156,0.19242706520409708,-0.1875,0.4,0.0,0.1612737080478124,0.20542619253858457,-0.1875,0.47058823529411764,0.12440191387559808,0.19729479426850813,0.19712586585581882,-0.1875,0.5333333333333333,0.21052631578947367,14.0,3.6055512754639896,11.0,18.0,13.0,14.571428571428571,2.3704530408864204,11.0,18.0,15.0,16.071428571428573,2.86797397569691,11.0,20.0,16.0,19.14814814814815,8.977337722988514,11.0,54.0,16.0,1,0,25,48,11,4,0,0,0,1,4,0.09090909090909091,0.019480519480519487,0.09090909090909091,1.0,1.0,-2.0,-3.0,-0.15384615384615385,3.0,-1.0,0,0,0
2025-11-26,18,0.1111111111111111,0.8323523637957304,-1,1,positive,0.09090909090909091,0.0,0.0,0.4,-0.05263157894736842,11.0,13.0,18.0,15.0,19.0,0.06734006734006734,0.05918651795032654,0.0,0.1111111111111111,0.09090909090909091,0.03778860028860028,0.13433201631273045,-0.1875,0.25,0.0,0.17296961448056097,0.19679052953617532,-0.1875,0.47058823529411764,0.13450292397660818,0.1942168055843154,0.19412540205921658,-0.1875,0.5333333333333333,0.19147005444646098,14.0,3.6055512754639896,11.0,18.0,13.0,15.0,2.708012801545331,11.0,18.0,16.0,16.0,2.8010986855435602,11.0,20.0,16.0,19.107142857142858,8.812193932543808,11.0,54.0,16.0,2,0,26,48,11,4,0,0,0,2,3,0.020202020202020193,-0.2888888888888889,-0.07070707070707072,1.0,2.0,7.0,3.0,0.6363636363636365,9.0,1.0,0,0,0
2025-11-27,12,-0.16666666666666666,0.937436866561092,-1,1,negative,0.1111111111111111,0.09090909090909091,0.0,0.25,0.45,18.0,11.0,13.0,16.0,20.0,0.011784511784511786,0.15487300514622127,-0.16666666666666666,0.1111111111111111,0.09090909090909091,-0.021735209235209236,0.11564113624813108,-0.1875,0.1111111111111111,0.0,0.12892199543294192,0.19901467538745035,-0.1875,0.47058823529411764,0.10101010101010101,0.18177254792048841,0.20206364716825478,-0.1875,0.5333333333333333,0.1724137931034483,13.666666666666666,3.7859388972001833,11.0,18.0,12.0,14.428571428571429,2.8784916685157076,11.0,18.0,13.0,15.428571428571429,2.7376094488632803,11.0,20.0,15.5,18.862068965517242,8.753465182963808,11.0,54.0,16.0,3,0,27,48,11,4,0,0,0,3,2,-0.2777777777777778,-0.41666666666666663,-0.297979797979798,-1.0,1.0,-6.0,-4.0,-0.33333333333333337,-13.0,-1.0,0,0,0
2025-11-28,18,0.2777777777777778,0.8264420947336313,-1,1,positive,-0.16666666666666666,0.1111111111111111,0.09090909090909091,0.0,0.25,12.0,18.0,11.0,13.0,20.0,0.07407407407407408,0.2245251046848545,-0.16666666666666666,0.2777777777777778,0.1111111111111111,0.01794733044733045,0.1625063674321214,-0.1875,0.2777777777777778,0.0,0.1309061224170689,0.20044795590867195,-0.1875,0.47058823529411764,0.10101010101010101,0.18497272224906472,0.19932142304727976,-0.1875,0.5333333333333333,0.19147005444646098,16.0,3.4641016151377526,12.0,18.0,18.0,15.142857142857142,3.0783421635988644,11.0,18.0,16.0,15.285714285714286,2.5246042013801677,11.0,19.0,15.5,18.833333333333332,8.602659305495992,11.0,54.0,16.0,4,0,28,48,11,4,0,0,0,4,1,0.4444444444444444,0.2777777777777778,0.7222222222222222,1.0,1.0,6.0,5.0,0.5,12.0,1.0,0,1,1
2025-11-29,13,0.3076923076923077,0.6304251719561152,-1,1,neutral,0.2777777777777778,-0.16666666666666666,0.1111111111111111,-0.1875,0.15789473684210525,18.0,12.0,18.0,16.0,19.0,0.13960113960113962,0.26565710350388283,-0.16666666666666666,0.3076923076923077,0.2777777777777778,0.08868908868908869,0.16591297340910988,-0.16666666666666666,0.3076923076923077,0.09090909090909091,0.14160594890636907,0.20592271540229612,-0.1875,0.47058823529411764,0.10101010101010101,0.18272913250547498,0.1974789888776465,-0.1875,0.5333333333333333,0.19147005444646098,14.333333333333334,3.2145502536643193,12.0,18.0,13.0,14.714285714285714,3.147183169877782,11.0,18.0,13.0,14.857142857142858,2.348719548282327,11.0,18.0,14.5,18.2,8.293745046512566,11.0,54.0,16.0,5,1,29,48,11,4,0,0,0,0,0,0.02991452991452992,0.4951923076923077,-0.4145299145299145,1.0,2.0,-5.0,-3.0,-0.2777777777777778,-11.0,-1.0,0,0,0
2025-11-30,19,0.2631578947368421,0.5619514869490164,-1,1,neutral,0.3076923076923077,0.2777777777777778,-0.16666666666666666,0.0,0.47058823529411764,13.0,18.0,12.0,18.0,17.0,0.28287599340230923,0.022700712240756243,0.2631578947368421,0.3076923076923077,0.2777777777777778,0.1262830736514947,0.1721642357200745,-0.16666666666666666,0.3076923076923077,0.1111111111111111,0.12678949600942083,0.18702659009853578,-0.1875,0.4,0.10101010101010101,0.18102487185384591,0.19652279826061592,-0.1875,0.5333333333333333,0.19147005444646098,16.666666666666668,3.2145502536643145,13.0,19.0,18.0,14.857142857142858,3.3380918415851295,11.0,19.0,13.0,15.0,2.541955637208974,11.0,19.0,14.5,17.666666666666668,7.6669165376572534,11.0,54.0,16.0,6,1,30,48,11,4,0,1,0,0,0,-0.04453441295546562,0.2631578947368421,-0.07444894286999554,-1.0,1.0,6.0,1.0,0.46153846153846145,11.0,1.0,0,0,0
2025-12-01,18,0.3888888888888889,0.6076849889141857,-1,1,neutral,0.2631578947368421,0.3076923076923077,0.2777777777777778,0.0,0.35714285714285715,19.0,13.0,18.0,13.0,14.0,0.3199130304393462,0.06375013937992965,0.2631578947368421,0.3888888888888889,0.3076923076923077,0.18183862920705027,0.1867496566710306,-0.16666666666666666,0.3888888888888889,0.2631578947368421,0.12905706970556594,0.19019983914623234,-0.1875,0.4,0.10101010101010101,0.18102487185384591,0.19652279826061592,-0.1875,0.5333333333333333,0.19147005444646098,16.666666666666668,3.2145502536643145,13.0,19.0,18.0,15.571428571428571,3.4086724129853954,11.0,19.0,18.0,15.285714285714286,2.6436737675082016,11.0,19.0,15.5,16.466666666666665,3.431430116391434,11.0,29.0,16.0,0,0,1,49,12,4,1,0,0,0,5,0.1257309941520468,0.3888888888888889,0.17026540710751242,1.0,1.0,-1.0,5.0,-0.052631578947368474,-7.0,-1.0,0,0,0
2025-12-02,19,0.3157894736842105,0.4775669329409193,0,1,neutral,0.3888888888888889,0.2631578947368421,0.3076923076923077,0.09090909090909091,0.07142857142857142,18.0,19.0,13.0,11.0,14.0,0.3226120857699805,0.06314255102045006,0.2631578947368421,0.3888888888888889,0.3157894736842105,0.2139643981749245,0.18783982457540366,-0.16666666666666666,0.3888888888888889,0.2777777777777778,0.14651141986668303,0.19563909289116455,-0.1875,0.4,0.18055555555555555,0.19780118764331958,0.18513021237038935,-0.1875,0.5333333333333333,0.23026315789473684,18.666666666666668,0.5773502691895791,18.0,19.0,19.0,16.714285714285715,2.9277002188456103,12.0,19.0,18.0,15.642857142857142,2.790289283517805,11.0,19.0,16.0,16.566666666666666,3.460947979895133,11.0,29.0,16.0,1,0,2,49,12,4,0,0,0,1,4,-0.07309941520467839,0.2248803827751196,-0.1988304093567252,-1.0,1.0,1.0,8.0,0.05555555555555558,2.0,1.0,0,0,0
2025-12-03,12,0.25,0.4522670168666455,0,1,neutral,0.3157894736842105,0.3888888888888889,0.2631578947368421,0.1111111111111111,0.4,19.0,18.0,19.0,18.0,15.0,0.3182261208576998,0.06947649819387523,0.25,0.3888888888888889,0.3157894736842105,0.23380566801619435,0.18242205284987525,-0.16666666666666666,0.3888888888888889,0.2777777777777778,0.13579713415239733,0.1844778064153126,-0.1875,0.3888888888888889,0.18055555555555555,0.20038739453987128,0.18530517351985,-0.1875,0.5333333333333333,0.25,16.333333333333332,3.78593889720018,12.0,19.0,18.0,15.857142857142858,3.3380918415851295,12.0,19.0,18.0,15.428571428571429,2.9538576007104242,11.0,19.0,16.0,16.0,2.6522599342109467,11.0,20.0,16.0,2,0,3,49,12,4,0,0,0,2,3,-0.06578947368421051,0.1388888888888889,0.0073099415204678775,-1.0,2.0,-7.0,-6.0,-0.368421052631579,-8.0,-1.0,0,0,0
2025-12-04,15,0.2,0.5606119105813882,-1,1,neutral,0.25,0.3157894736842105,0.3888888888888889,-0.16666666666666666,0.25,12.0,19.0,18.0,12.0,16.0,0.25526315789473686,0.05807388550187856,0.2,0.3157894736842105,0.25,0.28618662039714676,0.059477187970272155,0.2,0.3888888888888889,0.2777777777777778,0.13222570558096874,0.18257094211547983,-0.1875,0.3888888888888889,0.15555555555555556,0.20003651734688885,0.18529527894405667,-0.1875,0.5333333333333333,0.25,15.333333333333334,3.5118845842842465,12.0,19.0,15.0,16.285714285714285,2.92770021884561,12.0,19.0,18.0,15.357142857142858,2.9510661139309007,11.0,19.0,15.5,15.866666666666667,2.5961952709797154,11.0,20.0,15.5,3,0,4,49,12,4,0,0,0,3,2,-0.04999999999999999,0.3666666666666667,0.01578947368421052,-1.0,3.0,3.0,3.0,0.25,10.0,1.0,0,0,0
2025-12-05,16,0.4375,0.7274384280931732,-1,1,positive,0.2,0.25,0.3157894736842105,0.2777777777777778,0.0,15.0,12.0,19.0,18.0,13.0,0.29583333333333334,0.1252081600109725,0.2,0.4375,0.25,0.309004080714607,0.0820627707696718,0.2,0.4375,0.3076923076923077,0.16347570558096874,0.19520301431720394,-0.1875,0.4375,0.225,0.20949164555201705,0.19003350376128048,-0.1875,0.5333333333333333,0.25,14.333333333333334,2.081665999466137,12.0,16.0,15.0,16.0,2.8284271247462,12.0,19.0,16.0,15.571428571428571,2.8746715053613143,11.0,19.0,16.0,15.966666666666667,2.5391192246095056,11.0,20.0,16.0,4,0,5,49,12,4,0,0,0,4,1,0.2375,0.1597222222222222,0.2875,1.0,1.0,1.0,-2.0,0.06666666666666665,-2.0,1.0,0,0,0
2025-12-06,19,0.21052631578947367,0.8549819600709617,-1,1,positive,0.4375,0.2,0.25,0.3076923076923077,-0.1875,16.0,15.0,12.0,13.0,16.0,0.2826754385964912,0.13418526163989303,0.2,0.4375,0.21052631578947367,0.2951232247284879,0.09014173318928582,0.2,0.4375,0.2631578947368421,0.19190615670878827,0.16711777622040366,-0.16666666666666666,0.4375,0.23026315789473684,0.20539807830055506,0.18859104013223385,-0.1875,0.5333333333333333,0.25,16.666666666666668,2.0816659994661277,15.0,19.0,16.0,16.857142857142858,2.672612419124257,12.0,19.0,18.0,15.785714285714286,3.0173491021748915,11.0,19.0,17.0,16.0,2.573070083610701,11.0,20.0,16.0,5,1,6,49,12,4,0,0,0,0,0,-0.22697368421052633,-0.09716599190283404,-0.4644736842105263,-1.0,1.0,3.0,6.0,0.1875,2.0,1.0,0,0,0
2025-12-07,14,-0.21428571428571427,0.8925823753039809,-1,1,negative,0.21052631578947367,0.4375,0.2,0.2631578947368421,0.0,19.0,16.0,15.0,19.0,18.0,0.14458020050125317,0.33085921768622406,-0.21428571428571427,0.4375,0.21052631578947367,0.2269169948681227,0.21395647869678078,-0.21428571428571427,0.4375,0.25,0.1766000342598087,0.19373902834889087,-0.21428571428571427,0.4375,0.23026315789473684,0.18936633226880906,0.20308830859412075,-0.21428571428571427,0.5333333333333333,0.23026315789473684,16.333333333333332,2.51661147842358,14.0,19.0,16.0,16.142857142857142,2.672612419124255,12.0,19.0,16.0,15.5,2.9807071953842437,11.0,19.0,15.5,15.966666666666667,2.5928726358514202,11.0,20.0,16.0,6,1,7,49,12,4,0,0,0,0,0,-0.424812030075188,-0.47744360902255634,-0.19783834586466165,-1.0,2.0,-5.0,-5.0,-0.26315789473684215,-8.0,-1.0,0,1,1
2025-12-08,17,0.058823529411764705,0.6586528140164322,-1,1,neutral,-0.21428571428571427,0.21052631578947367,0.4375,0.3888888888888889,0.0,14.0,19.0,16.0,18.0,13.0,0.0183547103051747,0.21527798125693703,-0.21428571428571427,0.21052631578947367,0.058823529411764705,0.17976480065710493,0.20861506073867842,-0.21428571428571427,0.4375,0.21052631578947367,0.18080171493207758,0.19022034180624323,-0.21428571428571427,0.4375,0.23026315789473684,0.17882711658253453,0.20131895128985713,-0.21428571428571427,0.5333333333333333,0.20526315789473684,16.666666666666668,2.516611478423579,14.0,19.0,17.0,16.0,2.5819888974716223,12.0,19.0,16.0,15.785714285714286,2.913590738077503,11.0,19.0,16.5,16.0,2.5997347344787194,11.0,20.0,16.0,0,0,8,50,12,4,0,0,0,0,5,0.27310924369747897,-0.3300653594771242,0.697921273772667,1.0,1.0,3.0,-1.0,0.2142857142857142,8.0,1.0,0,0,0
2025-12-09,9,0.3333333333333333,0.7071067811865476,-1,1,neutral,0.058823529411764705,-0.21428571428571427,0.21052631578947367,0.3157894736842105,0.09090909090909091,17.0,14.0,19.0,19.0,11.0,0.059290382819794575,0.27380982230898276,-0.21428571428571427,0.3333333333333333,0.058823529411764705,0.18227106632126536,0.21061737597879487,-0.21428571428571427,0.4375,0.21052631578947367,0.19811773224809492,0.19242910943598057,-0.21428571428571427,0.4375,0.256578947368421,0.18993822769364563,0.20030490671686485,-0.21428571428571427,0.5333333333333333,0.23026315789473684,13.333333333333334,4.041451884327383,9.0,17.0,14.0,14.571428571428571,3.3094381626464915,9.0,19.0,15.0,15.642857142857142,3.2011330411672625,9.0,19.0,16.5,15.8,2.893512362700981,9.0,20.0,16.0,1,0,9,50,12,4,0,0,0,1,4,0.2745098039215686,0.017543859649122806,0.0014005602240896309,1.0,2.0,-8.0,-10.0,-0.47058823529411764,-11.0,-1.0,0,0,0
2025-12-12,12,0.5,0.7977240352174656,-1,1,positive,0.3333333333333333,0.058823529411764705,-0.21428571428571427,0.25,0.1111111111111111,9.0,17.0,14.0,12.0,18.0,0.2973856209150327,0.2227742087209707,0.058823529411764705,0.5,0.3333333333333333,0.21798535203555106,0.2427598160720297,-0.21428571428571427,0.5,0.21052631578947367,0.2258955100258727,0.2064604246643848,-0.21428571428571427,0.5,0.27046783625730997,0.18882711658253454,0.19841793935008917,-0.21428571428571427,0.5,0.23026315789473684,12.666666666666666,4.041451884327385,9.0,17.0,12.0,14.571428571428571,3.3094381626464915,9.0,19.0,15.0,15.214285714285714,3.2623392133340707,9.0,19.0,15.5,15.7,2.9728657948993797,9.0,20.0,16.0,4,0,12,50,12,4,0,0,0,4,1,0.16666666666666669,0.25,-0.10784313725490191,1.0,3.0,3.0,0.0,0.33333333333333326,11.0,1.0,0,0,0
2025-12-13,13,0.23076923076923078,0.8320502943378437,-1,1,positive,0.5,0.3333333333333333,0.058823529411764705,0.2,-0.16666666666666666,12.0,9.0,17.0,15.0,12.0,0.3547008547008547,0.13588130850927027,0.23076923076923078,0.5,0.3333333333333333,0.22238095643115546,0.24265842766378776,-0.21428571428571427,0.5,0.23076923076923078,0.25428378841415106,0.17293239231876129,-0.21428571428571427,0.5,0.27046783625730997,0.19207497983039776,0.19827565307915263,-0.21428571428571427,0.5,0.2403846153846154,11.333333333333334,2.081665999466146,9.0,13.0,12.0,14.285714285714286,3.352326839390107,9.0,19.0,14.0,15.285714285714286,3.196839098200008,9.0,19.0,15.5,15.633333333333333,3.011281470064528,9.0,20.0,16.0,5,1,13,50,12,4,0,0,0,0,0,-0.2692307692307692,0.03076923076923077,-0.4358974358974359,-1.0,1.0,1.0,-2.0,0.08333333333333326,-2.0,1.0,0,0,0
2025-12-14,16,0.25,0.5773502691896257,-1,1,neutral,0.23076923076923078,0.5,0.3333333333333333,0.4375,0.2777777777777778,13.0,12.0,9.0,16.0,18.0,0.3269230769230769,0.15019710915205092,0.23076923076923078,0.5,0.25,0.1955952421454412,0.22463413302920007,-0.21428571428571427,0.5,0.23076923076923078,0.2522996614300241,0.1728014041829256,-0.21428571428571427,0.5,0.256578947368421,0.2021626991286434,0.19302536452484745,-0.21428571428571427,0.5,0.25,13.666666666666666,2.0816659994661384,12.0,16.0,13.0,14.285714285714286,3.352326839390107,9.0,19.0,14.0,15.142857142857142,3.1097153680569694,9.0,19.0,15.5,15.533333333333333,2.944701065951526,9.0,20.0,16.0,6,1,14,50,12,4,0,0,0,0,0,0.019230769230769218,-0.1875,0.28846153846153844,1.0,1.0,3.0,0.0,0.23076923076923084,2.0,1.0,0,0,0
2025-12-15,15,0.13333333333333333,0.7432233529572065,-1,1,neutral,0.25,0.23076923076923078,0.5,0.21052631578947367,0.3076923076923077,16.0,13.0,12.0,19.0,13.0,0.20470085470085472,0.06254956395459133,0.13333333333333333,0.25,0.23076923076923078,0.18456767322313541,0.22567133909186476,-0.21428571428571427,0.5,0.23076923076923078,0.23984544897581167,0.17477400066054236,-0.21428571428571427,0.5,0.25,0.19160714357308786,0.18758690036322104,-0.21428571428571427,0.5,0.2403846153846154,14.666666666666666,1.5275252316519494,13.0,16.0,15.0,13.714285714285714,2.6903708365382,9.0,17.0,14.0,15.285714285714286,3.0490495726870885,9.0,19.0,15.5,15.366666666666667,2.8221211554594734,9.0,20.0,15.5,0,0,15,51,12,4,0,0,0,0,5,-0.11666666666666667,-0.07719298245614034,-0.1358974358974359,-1.0,1.0,-1.0,-4.0,-0.0625,-4.0,-1.0,0,0,0
2025-12-16,35,0.14285714285714285,0.7724238832805372,-1,1,neutral,0.13333333333333333,0.25,0.23076923076923078,-0.21428571428571427,0.2631578947368421,15.0,16.0,13.0,14.0,19.0,0.1753968253968254,0.06478349313378605,0.13333333333333333,0.25,0.14285714285714285,0.2355880813864007,0.14719572514014395,0.058823529411764705,0.5,0.23076923076923078,0.2312525381272617,0.1764885907731232,-0.21428571428571427,0.5,0.2403846153846154,0.18803571500165928,0.18745672551426973,-0.21428571428571427,0.5,0.22064777327935223,22.0,11.26942766958464,15.0,35.0,16.0,16.714285714285715,8.499299691038981,9.0,35.0,15.0,16.428571428571427,6.060138177077709,9.0,35.0,15.5,15.866666666666667,4.500830063929073,9.0,35.0,15.5,1,0,16,51,12,4,0,0,0,1,4,0.009523809523809518,0.3571428571428571,0.1261904761904762,1.0,1.0,20.0,21.0,1.3333333333333335,21.0,1.0,1,0,1
2025-12-17,17,0.29411764705882354,0.6859943405700354,-1,1,neutral,0.14285714285714285,0.13333333333333333,0.25,0.058823529411764705,0.3888888888888889,35.0,15.0,16.0,17.0,18.0,0.19010270774976656,0.09020535702807003,0.13333333333333333,0.29411764705882354,0.14285714285714285,0.26920152676455195,0.1253464839613752,0.13333333333333333,0.5,0.25,0.22448316371082846,0.17173059302957297,-0.21428571428571427,0.5,0.2403846153846154,0.19257647867554986,0.18834918378829016,-0.21428571428571427,0.5,0.2403846153846154,22.333333333333332,11.0151410945722,15.0,35.0,17.0,16.714285714285715,8.499299691038981,9.0,35.0,15.0,16.357142857142858,6.046068561879286,9.0,35.0,15.5,15.8,4.467507212042879,9.0,35.0,15.5,2,0,17,51,12,4,0,0,0,2,3,0.1512605042016807,0.23529411764705882,0.14173669467787117,1.0,2.0,-18.0,0.0,-0.5142857142857142,-38.0,-1.0,0,0,0
2025-12-18,16,0.125,0.49999999999999994,-1,1,neutral,0.29411764705882354,0.14285714285714285,0.13333333333333333,0.3333333333333333,0.3157894736842105,17.0,35.0,15.0,9.0,19.0,0.1873249299719888,0.09291519092617027,0.125,0.29411764705882354,0.14285714285714285,0.2394396220026472,0.13213076927229528,0.125,0.5,0.23076923076923078,0.21085534416195628,0.17149751482198536,-0.21428571428571427,0.5,0.22064777327935223,0.18105687083241262,0.1811916530280417,-0.21428571428571427,0.5,0.22064777327935223,22.666666666666668,10.692676621563622,16.0,35.0,17.0,17.714285714285715,7.825477316949768,12.0,35.0,16.0,16.142857142857142,5.9981682185498935,9.0,35.0,15.5,15.766666666666667,4.461972142707618,9.0,35.0,15.5,3,0,18,51,12,4,0,0,0,3,2,-0.16911764705882354,-0.20833333333333331,-0.32037815126050423,-1.0,1.0,-1.0,7.0,-0.05882352941176472,17.0,-1.0,0,0,0
2025-12-19,14,0.6428571428571429,0.633323693776651,-1,1,positive,0.125,0.29411764705882354,0.14285714285714285,0.5,0.25,16.0,17.0,35.0,12.0,12.0,0.3539915966386555,0.2640694463219041,0.125,0.6428571428571429,0.29411764705882354,0.2598477852679534,0.1810569775817139,0.125,0.6428571428571429,0.23076923076923078,0.23891656865175223,0.20688483719369197,-0.21428571428571427,0.6428571428571429,0.22064777327935223,0.19058068035622217,0.1975377892189511,-0.21428571428571427,0.6428571428571429,0.22064777327935223,15.666666666666666,1.5275252316519459,14.0,17.0,16.0,18.0,7.615773105863915,13.0,35.0,16.0,16.285714285714285,5.915150969249306,9.0,35.0,15.5,15.766666666666667,4.461972142707618,9.0,35.0,15.5,4,0,19,51,12,4,0,0,0,4,1,0.5178571428571429,0.1428571428571429,0.6869747899159664,1.0,1.0,-2.0,2.0,-0.125,-1.0,-1.0,0,1,1
2025-12-20,19,-0.10526315789473684,0.809302638222512,-1,1,negative,0.6428571428571429,0.125,0.29411764705882354,0.23076923076923078,0.2,14.0,16.0,17.0,13.0,15.0,0.22086466165413535,0.3831625257182873,-0.10526315789473684,0.6428571428571429,0.125,0.21184315831595796,0.2284072035532023,-0.10526315789473684,0.6428571428571429,0.14285714285714285,0.2171120573735567,0.22646216139523886,-0.21428571428571427,0.6428571428571429,0.22064777327935223,0.1846909560454452,0.20374932645636554,-0.21428571428571427,0.6428571428571429,0.22064777327935223,16.333333333333332,2.5166114784235805,14.0,19.0,16.0,18.857142857142858,7.289914755527478,14.0,35.0,16.0,16.571428571428573,5.9448010345729285,9.0,35.0,16.0,15.933333333333334,4.487018312123687,9.0,35.0,16.0,5,1,20,51,12,4,0,0,0,0,0,-0.7481203007518797,-0.3360323886639676,-1.2659774436090228,-1.0,1.0,5.0,6.0,0.3571428571428572,7.0,1.0,0,1,1
2025-12-21,16,-0.0625,0.6800735254367721,-1,1,neutral,-0.10526315789473684,0.6428571428571429,0.125,0.25,0.4375,19.0,14.0,16.0,16.0,16.0,0.15836466165413535,0.4201272368877881,-0.10526315789473684,0.6428571428571429,-0.0625,0.16720030117310083,0.24929114000177074,-0.10526315789473684,0.6428571428571429,0.13333333333333333,0.18139777165927098,0.22844985169041698,-0.21428571428571427,0.6428571428571429,0.17669172932330826,0.16927428937877853,0.20439271099426418,-0.21428571428571427,0.6428571428571429,0.20526315789473684,16.333333333333332,2.5166114784235805,14.0,19.0,16.0,18.857142857142858,7.289914755527478,14.0,35.0,16.0,16.571428571428573,5.9448010345729285,9.0,35.0,16.0,15.966666666666667,4.483558726120879,9.0,35.0,16.0,6,1,21,51,12,4,0,0,0,0,0,0.042763157894736836,-0.3125,0.7908834586466166,1.0,1.0,-3.0,0.0,-0.1578947368421053,-8.0,-1.0,0,0,0
2025-12-22,16,0.5625,0.51234753829798,0,1,positive,-0.0625,-0.10526315789473684,0.6428571428571429,0.13333333333333333,0.21052631578947367,16.0,19.0,14.0,15.0,19.0,0.13157894736842105,0.37380059807217225,-0.10526315789473684,0.5625,-0.0625,0.22850982498262465,0.289159503652113,-0.10526315789473684,0.6428571428571429,0.14285714285714285,0.20653874910288003,0.250231097110328,-0.21428571428571427,0.6428571428571429,0.18681318681318682,0.17969095604544522,0.21626688809677996,-0.21428571428571427,0.6428571428571429,0.20526315789473684,17.0,1.7320508075688696,16.0,19.0,16.0,19.0,7.211102550927987,14.0,35.0,16.0,16.357142857142858,5.904459108388962,9.0,35.0,16.0,15.966666666666667,4.483558726120879,9.0,35.0,16.0,0,0,22,52,12,4,0,0,0,0,5,0.625,0.4291666666666667,0.5822368421052632,1.0,2.0,0.0,1.0,0.0,3.0,0.0,0,1,1
2025-12-23,17,0.11764705882352941,0.4850712500726659,-1,1,neutral,0.5625,-0.0625,-0.10526315789473684,0.14285714285714285,-0.21428571428571427,16.0,16.0,19.0,35.0,14.0,0.2058823529411765,0.32170693238725956,-0.0625,0.5625,0.11764705882352941,0.22490838440639416,0.29055770788250385,-0.10526315789473684,0.6428571428571429,0.125,0.23024823289639743,0.22134924969088826,-0.10526315789473684,0.6428571428571429,0.18681318681318682,0.1836125246728962,0.21395043610756118,-0.21428571428571427,0.6428571428571429,0.20526315789473684,16.333333333333332,0.5773502691896089,16.0,17.0,16.0,16.428571428571427,1.5118578920369365,14.0,19.0,16.0,16.571428571428573,5.866650016626392,9.0,35.0,16.0,16.1,4.451656026616423,9.0,35.0,16.0,1,0,23,52,12,4,0,0,0,1,4,-0.44485294117647056,-0.02521008403361344,-1.0698529411764706,-1.0,1.0,1.0,-18.0,0.0625,1.0,1.0,0,1,1
2025-12-24,18,0.0,0.5940885257860046,-1,1,neutral,0.11764705882352941,0.5625,-0.0625,0.29411764705882354,0.058823529411764705,17.0,16.0,16.0,17.0,17.0,0.2267156862745098,0.2966876077973777,0.0,0.5625,0.11764705882352941,0.18289157768370506,0.29999407346057283,-0.10526315789473684,0.6428571428571429,0.11764705882352941,0.22604655222412853,0.22537524888059385,-0.10526315789473684,0.6428571428571429,0.18681318681318682,0.1898625246728962,0.2052992821640806,-0.21428571428571427,0.6428571428571429,0.20526315789473684,17.0,0.9999999999999858,16.0,18.0,17.0,16.571428571428573,1.618347187425401,14.0,19.0,16.0,16.642857142857142,5.878345435149679,9.0,35.0,16.0,16.166666666666668,4.46506232982199,9.0,35.0,16.0,2,0,24,52,12,4,0,0,0,2,3,-0.11764705882352941,-0.29411764705882354,0.3272058823529411,-1.0,2.0,1.0,1.0,0.05882352941176472,0.0,1.0,0,0,0
2025-12-25,20,-0.1,0.7880689256524124,-1,1,neutral,0.0,0.11764705882352941,0.5625,0.125,0.3333333333333333,18.0,17.0,16.0,16.0,9.0,0.005882352941176468,0.10894270104383663,-0.1,0.11764705882352941,0.0,0.15074872054084792,0.31870120064864566,-0.10526315789473684,0.6428571428571429,0.0,0.19509417127174755,0.238860313042458,-0.10526315789473684,0.6428571428571429,0.1380952380952381,0.18652919133956286,0.20926185823580504,-0.21428571428571427,0.6428571428571429,0.20526315789473684,18.333333333333332,1.527525231651931,17.0,20.0,18.0,17.142857142857142,2.0354009783964537,14.0,20.0,17.0,17.428571428571427,5.50124860951914,12.0,35.0,16.0,16.233333333333334,4.508102539400263,9.0,35.0,16.0,3,0,25,52,12,4,0,0,1,3,2,-0.1,-0.225,0.017647058823529405,-1.0,3.0,2.0,4.0,0.11111111111111116,1.0,1.0,0,0,0
2025-12-26,14,0.14285714285714285,0.7703288865196432,-1,1,neutral,-0.1,0.0,0.11764705882352941,0.6428571428571429,0.5,20.0,18.0,17.0,14.0,12.0,0.014285714285714282,0.12205719636167948,-0.1,0.14285714285714285,0.0,0.07932014911227649,0.23508864418156158,-0.10526315789473684,0.5625,0.0,0.16958396719011493,0.22228803118074386,-0.10526315789473684,0.6428571428571429,0.1380952380952381,0.19129109610146763,0.20647777458626346,-0.21428571428571427,0.6428571428571429,0.20526315789473684,17.333333333333332,3.055050463303888,14.0,20.0,18.0,17.142857142857142,2.0354009783964537,14.0,20.0,17.0,17.571428571428573,5.37392974266699,13.0,35.0,16.0,16.266666666666666,4.487018312123688,9.0,35.0,16.0,4,0,26,52,12,4,0,0,1,4,1,0.24285714285714285,-0.5,0.34285714285714286,1.0,1.0,-6.0,0.0,-0.30000000000000004,-8.0,-1.0,0,0,0
2025-12-27,17,-0.11764705882352941,0.600245047998781,-1,1,neutral,0.14285714285714285,-0.1,0.0,-0.10526315789473684,0.23076923076923078,14.0,20.0,18.0,19.0,13.0,-0.024929971988795523,0.14557555290131477,-0.11764705882352941,0.14285714285714285,-0.1,0.07755102040816327,0.23674993797976268,-0.11764705882352941,0.5625,0.0,0.14469708936206063,0.2341010016529607,-0.11764705882352941,0.6428571428571429,0.12916666666666665,0.18433922444371362,0.2133699597154671,-0.21428571428571427,0.6428571428571429,0.20526315789473684,17.0,2.9999999999999956,14.0,20.0,17.0,16.857142857142858,1.8644544714716338,14.0,20.0,17.0,17.857142857142858,5.216204674741131,14.0,35.0,16.5,16.466666666666665,4.3765309308293165,9.0,35.0,16.0,5,1,27,52,12,4,0,0,0,0,0,-0.26050420168067223,-0.012383900928792574,-0.5033613445378151,-1.0,1.0,3.0,-2.0,0.2142857142857142,9.0,1.0,0,0,0
2025-12-28,19,0.3684210526315789,0.5972647203701474,-1,1,neutral,-0.11764705882352941,0.14285714285714285,-0.1,-0.0625,0.25,17.0,14.0,20.0,16.0,16.0,0.13121037888839746,0.24324326830683665,-0.11764705882352941,0.3684210526315789,0.14285714285714285,0.13911117078410312,0.2499222283460242,-0.11764705882352941,0.5625,0.11764705882352941,0.153155735978602,0.24025701840224598,-0.11764705882352941,0.6428571428571429,0.12916666666666665,0.19291622249439586,0.21548599983168068,-0.21428571428571427,0.6428571428571429,0.22064777327935223,16.666666666666668,2.5166114784235782,14.0,19.0,17.0,17.285714285714285,1.9760470401187324,14.0,20.0,17.0,18.071428571428573,5.195623686768077,14.0,35.0,17.0,16.5,4.392391540866529,9.0,35.0,16.0,6,1,28,52,12,4,0,0,0,0,0,0.4860681114551083,0.4309210526315789,0.7465723131357805,1.0,1.0,2.0,3.0,0.11764705882352944,-1.0,1.0,0,1,1
2025-12-29,15,0.26666666666666666,0.7988086367179803,-1,1,positive,0.3684210526315789,-0.11764705882352941,0.14285714285714285,0.5625,0.13333333333333333,19.0,17.0,14.0,16.0,15.0,0.17248022015823872,0.25635691383849524,-0.11764705882352941,0.3684210526315789,0.26666666666666666,0.09684926602219836,0.1822436761568433,-0.11764705882352941,0.3684210526315789,0.11764705882352941,0.1626795455024115,0.24204681938373654,-0.11764705882352941,0.6428571428571429,0.13392857142857142,0.2073606669388403,0.20481044913396562,-0.21428571428571427,0.6428571428571429,0.2403846153846154,17.0,1.999999999999992,15.0,19.0,17.0,17.142857142857142,2.115700942049838,14.0,20.0,17.0,18.071428571428573,5.195623686768077,14.0,35.0,17.0,16.6,4.319961685653846,9.0,35.0,16.0,0,0,29,1,12,4,0,0,0,0,5,-0.10175438596491226,-0.29583333333333334,-0.5878224974200206,-1.0,1.0,-4.0,-1.0,-0.21052631578947367,-6.0,-1.0,0,0,0
2025-12-30,12,-0.25,0.7537783614444091,-1,1,negative,0.26666666666666666,0.3684210526315789,-0.11764705882352941,0.11764705882352941,0.14285714285714285,15.0,19.0,17.0,17.0,35.0,0.1283625730994152,0.33159789852708943,-0.25,0.3684210526315789,0.26666666666666666,0.044328257618837005,0.22354686901697343,-0.25,0.3684210526315789,0.0,0.1346183210126156,0.26609917804204747,-0.25,0.6428571428571429,0.1213235294117647,0.18976807434624773,0.22061102552395587,-0.25,0.6428571428571429,0.22064777327935223,15.333333333333334,3.5118845842842448,12.0,19.0,15.0,16.428571428571427,2.878491668515712,12.0,20.0,17.0,16.428571428571427,2.2088732148135843,12.0,20.0,16.5,16.4,4.391213798107493,9.0,35.0,16.0,1,0,30,1,12,4,0,0,0,1,4,-0.5166666666666666,-0.36764705882352944,-0.41491228070175434,-1.0,2.0,-3.0,-5.0,-0.19999999999999996,1.0,-1.0,0,1,1
2025-12-31,10,0.5,0.5270462766947299,0,1,neutral,-0.25,0.26666666666666666,0.3684210526315789,0.0,0.29411764705882354,12.0,15.0,19.0,18.0,17.0,0.1722222222222222,0.3838161210981306,-0.25,0.5,0.26666666666666666,0.11575682904740844,0.2798203806464153,-0.25,0.5,0.14285714285714285,0.14932420336555677,0.2808709117507459,-0.25,0.6428571428571429,0.1213235294117647,0.19617833075650415,0.22686107659690036,-0.25,0.6428571428571429,0.22064777327935223,12.333333333333334,2.5166114784235893,10.0,15.0,12.0,15.285714285714286,3.6384193323605922,10.0,20.0,15.0,15.928571428571429,2.786348194992199,10.0,20.0,16.0,16.3,4.5040211918408755,9.0,35.0,16.0,2,0,31,1,12,4,0,1,0,2,3,0.75,0.5,1.2666666666666666,1.0,1.0,-2.0,-8.0,-0.16666666666666663,1.0,-1.0,0,1,1
2026-01-01,17,0.35294117647058826,0.701888209634219,-1,1,positive,0.5,-0.25,0.26666666666666666,-0.1,0.125,10.0,12.0,15.0,20.0,16.0,0.20098039215686278,0.39742176585704514,-0.25,0.5,0.35294117647058826,0.1804627114003496,0.2739203410528588,-0.25,0.5,0.26666666666666666,0.16560571597059878,0.28591379491690405,-0.25,0.6428571428571429,0.13025210084033612,0.19917110681429567,0.22836239504997427,-0.25,0.6428571428571429,0.22064777327935223,13.0,3.605551275463992,10.0,17.0,12.0,14.857142857142858,3.1320159337915032,10.0,19.0,15.0,16.0,2.801098685543561,10.0,20.0,16.5,16.233333333333334,4.477401750656466,9.0,35.0,16.0,3,0,1,1,1,1,1,0,1,3,2,-0.14705882352941174,0.4529411764705883,-0.8970588235294117,-1.0,1.0,7.0,-3.0,0.7,9.0,1.0,0,0,0
2026-01-02,12,-0.16666666666666666,0.7177405625652734,-1,1,neutral,0.35294117647058826,0.5,-0.25,0.14285714285714285,0.6428571428571429,17.0,10.0,12.0,14.0,14.0,0.22875816993464052,0.35025301632582917,-0.16666666666666666,0.5,0.35294117647058826,0.1362450243255197,0.30430037759728173,-0.25,0.5,0.26666666666666666,0.10778258671889808,0.26290300749325635,-0.25,0.5625,0.058823529411764705,0.18065258829577716,0.2348799028808669,-0.25,0.6428571428571429,0.20526315789473684,13.0,3.605551275463992,10.0,17.0,12.0,14.571428571428571,3.3094381626464937,10.0,19.0,15.0,15.857142857142858,2.9575754846246562,10.0,20.0,16.5,16.033333333333335,4.529469279509793,9.0,35.0,16.0,4,0,2,1,1,1,0,0,0,4,1,-0.5196078431372549,-0.30952380952380953,-0.3725490196078432,-1.0,2.0,-5.0,-2.0,-0.2941176470588235,-12.0,-1.0,0,1,1
2026-01-03,14,-0.14285714285714285,0.8644378215075665,-1,1,negative,-0.16666666666666666,0.35294117647058826,0.5,-0.11764705882352941,-0.10526315789473684,12.0,17.0,10.0,17.0,19.0,0.01447245564892625,0.29336415866120785,-0.16666666666666666,0.35294117647058826,-0.14285714285714285,0.1326435837492892,0.30793353072154384,-0.25,0.5,0.26666666666666666,0.10509730207872622,0.2654263220572026,-0.25,0.5625,0.058823529411764705,0.16536436774439872,0.24063659625594536,-0.25,0.6428571428571429,0.17142857142857143,14.333333333333334,2.5166114784235827,12.0,17.0,14.0,14.142857142857142,3.1320159337915006,10.0,19.0,14.0,15.5,2.8487514134063434,10.0,20.0,16.0,15.866666666666667,4.508484976309577,9.0,35.0,16.0,5,1,3,1,1,1,0,0,0,0,0,0.023809523809523808,-0.02521008403361344,0.5434173669467788,1.0,1.0,2.0,-3.0,0.16666666666666674,7.0,1.0,0,0,0
2026-01-04,19,0.0,0.5773502691896257,-1,1,neutral,-0.14285714285714285,-0.16666666666666666,0.35294117647058826,0.3684210526315789,-0.0625,14.0,12.0,17.0,19.0,16.0,-0.10317460317460318,0.0901414023142911,-0.16666666666666666,0.0,-0.14285714285714285,0.08001200480192079,0.29199060481908207,-0.25,0.5,0.0,0.10956158779301194,0.2629042368961918,-0.25,0.5625,0.058823529411764705,0.1570310344110654,0.24192988602504345,-0.25,0.6428571428571429,0.14285714285714285,15.0,3.6055512754639873,12.0,19.0,14.0,14.142857142857142,3.1320159337915006,10.0,19.0,14.0,15.714285714285714,2.998167938760438,10.0,20.0,16.5,16.1,4.482533150828429,9.0,35.0,16.0,6,1,4,1,1,1,0,0,0,0,0,0.14285714285714285,-0.3684210526315789,0.11904761904761904,1.0,2.0,5.0,0.0,0.3571428571428572,3.0,1.0,0,0,0
2026-01-05,17,0.17647058823529413,0.7276068751089989,-1,1,neutral,0.0,-0.14285714285714285,-0.16666666666666666,0.26666666666666666,0.5625,19.0,14.0,12.0,15.0,16.0,0.011204481792717103,0.15995844857444563,-0.14285714285714285,0.17647058823529413,0.0,0.06712685074029613,0.28426899964982344,-0.25,0.5,0.0,0.08198805838124723,0.22992000395824866,-0.25,0.5,0.058823529411764705,0.15624672068557519,0.24182389806741936,-0.25,0.6428571428571429,0.14285714285714285,16.666666666666668,2.5166114784235756,14.0,19.0,17.0,14.428571428571429,3.309438162646493,10.0,19.0,14.0,15.785714285714286,3.017349102174892,10.0,20.0,17.0,16.166666666666668,4.480481295985749,9.0,35.0,16.0,0,0,5,2,1,1,0,0,0,0,5,0.17647058823529413,-0.09019607843137253,0.03361344537815128,1.0,3.0,-2.0,2.0,-0.10526315789473684,-7.0,-1.0,0,0,0
2026-01-06,16,0.3125,0.704154339142587,-1,1,neutral,0.17647058823529413,0.0,-0.14285714285714285,-0.25,0.11764705882352941,17.0,19.0,14.0,12.0,17.0,0.16299019607843138,0.1566855233565857,0.0,0.3125,0.17647058823529413,0.147483993597439,0.25796990620079824,-0.16666666666666666,0.5,0.17647058823529413,0.09590612560813798,0.2380003105110688,-0.25,0.5,0.07142857142857142,0.15208005401890853,0.23785506884316293,-0.25,0.6428571428571429,0.14285714285714285,17.333333333333332,1.5275252316519308,16.0,19.0,17.0,15.0,3.162277660168388,10.0,19.0,16.0,15.714285714285714,2.998167938760438,10.0,20.0,16.5,16.166666666666668,4.480481295985749,9.0,35.0,16.0,1,0,6,2,1,1,0,0,1,1,4,0.13602941176470587,0.5625,-0.04044117647058826,1.0,4.0,-1.0,4.0,-0.05882352941176472,1.0,-1.0,0,0,0
2026-01-07,17,0.11764705882352941,0.781213234429025,-1,1,neutral,0.3125,0.17647058823529413,0.0,0.5,0.0,16.0,17.0,19.0,10.0,18.0,0.2022058823529412,0.09994321484608981,0.11764705882352941,0.3125,0.17647058823529413,0.0928621448579432,0.20616688968735236,-0.16666666666666666,0.35294117647058826,0.11764705882352941,0.1043094869526758,0.2364252970236286,-0.25,0.5,0.13025210084033612,0.14898407878671038,0.23767248496844587,-0.25,0.6428571428571429,0.1380952380952381,16.666666666666668,0.5773502691895933,16.0,17.0,17.0,16.0,2.309401076758519,12.0,19.0,17.0,15.642857142857142,2.9510661139309016,10.0,20.0,16.5,16.1,4.451656026616424,9.0,35.0,16.0,2,0,7,2,1,1,0,0,0,2,3,-0.1948529411764706,-0.38235294117647056,-0.33088235294117646,-1.0,1.0,1.0,7.0,0.0625,2.0,1.0,0,0,0
2026-01-08,16,0.125,0.7187952884282609,-1,1,neutral,0.11764705882352941,0.3125,0.17647058823529413,0.35294117647058826,-0.1,17.0,16.0,17.0,17.0,20.0,0.18504901960784315,0.11043699895495925,0.11764705882352941,0.3125,0.125,0.06029911964785915,0.1736845815421709,-0.16666666666666666,0.3125,0.11764705882352941,0.12038091552410438,0.22899943456227934,-0.25,0.5,0.13392857142857142,0.16029360259623415,0.22765152035161312,-0.25,0.6428571428571429,0.1380952380952381,16.333333333333332,0.5773502691895976,16.0,17.0,16.0,15.857142857142858,2.267786838055379,12.0,19.0,16.0,15.357142857142858,2.6777471259119476,10.0,19.0,16.0,16.166666666666668,4.434063547157377,9.0,35.0,16.0,3,0,8,2,1,1,0,0,0,3,2,0.00735294117647059,-0.22794117647058826,0.20220588235294118,1.0,1.0,-1.0,-1.0,-0.05882352941176472,-2.0,-1.0,0,0,0
2026-01-09,16,0.3125,0.7932002689527196,-1,1,positive,0.125,0.11764705882352941,0.3125,-0.16666666666666666,0.14285714285714285,16.0,17.0,16.0,12.0,14.0,0.18504901960784315,0.11043699895495925,0.11764705882352941,0.3125,0.125,0.1287515006002401,0.16344709637450924,-0.14285714285714285,0.3125,0.125,0.13249826246287988,0.23469760804015488,-0.25,0.5,0.15073529411764708,0.16874948494917535,0.22846238505014305,-0.25,0.6428571428571429,0.14285714285714285,16.333333333333332,0.5773502691895976,16.0,17.0,16.0,16.428571428571427,1.511857892036936,14.0,19.0,16.0,15.5,2.653009901689318,10.0,19.0,16.0,16.133333333333333,4.43134083649581,9.0,35.0,16.0,4,0,9,2,1,1,0,0,0,4,1,0.1875,0.47916666666666663,0.1801470588235294,1.0,2.0,0.0,4.0,0.0,1.0,0.0,0,0,0
2026-01-10,15,-0.4,0.7367883976130073,-1,1,negative,0.3125,0.125,0.11764705882352941,-0.14285714285714285,-0.11764705882352941,16.0,16.0,17.0,14.0,17.0,0.012499999999999992,0.3693321675673541,-0.4,0.3125,0.125,0.09201680672268908,0.2438068053212943,-0.4,0.3125,0.125,0.11233019523598912,0.2676630744514109,-0.4,0.5,0.15073529411764708,0.14430504050473092,0.24859043921861973,-0.4,0.6428571428571429,0.1380952380952381,15.666666666666666,0.5773502691896064,15.0,16.0,16.0,16.571428571428573,1.272418020560737,15.0,19.0,16.0,15.357142857142858,2.6196635972272064,10.0,19.0,16.0,16.333333333333332,4.22907288554647,10.0,35.0,16.0,5,1,10,2,1,1,0,0,0,0,0,-0.7125,-0.2571428571428572,-0.9,-1.0,1.0,-1.0,1.0,-0.0625,-1.0,-1.0,0,1,1
2026-01-11,14,-0.14285714285714285,0.8644378215075665,-1,1,negative,-0.4,0.3125,0.125,0.0,0.3684210526315789,15.0,16.0,16.0,19.0,19.0,-0.07678571428571428,0.3608159333442777,-0.4,0.3125,-0.14285714285714285,0.07160864345738295,0.25833885289886166,-0.4,0.3125,0.125,0.07581032412965186,0.2648994025321951,-0.4,0.5,0.1213235294117647,0.12287646907615948,0.2445464974329519,-0.4,0.6428571428571429,0.12916666666666665,15.0,0.9999999999999938,14.0,16.0,15.0,15.857142857142858,1.0690449676497307,14.0,17.0,16.0,15.0,2.417882099307961,10.0,19.0,15.5,16.4,4.173809968742276,10.0,35.0,16.0,6,1,11,2,1,1,0,0,0,0,0,0.2571428571428572,-0.14285714285714285,0.9696428571428573,1.0,1.0,-1.0,-5.0,-0.06666666666666665,0.0,-1.0,0,0,0
2026-01-12,10,0.2,0.7888106377466155,-1,1,neutral,-0.14285714285714285,-0.4,0.3125,0.17647058823529413,0.26666666666666666,14.0,15.0,16.0,17.0,15.0,-0.11428571428571427,0.3010186786529358,-0.4,0.2,-0.14285714285714285,0.07496998799519808,0.26007787295831625,-0.4,0.3125,0.125,0.0710484193677471,0.2617855092060611,-0.4,0.5,0.1213235294117647,0.12185082805051846,0.24414257603844972,-0.4,0.6428571428571429,0.12916666666666665,13.0,2.645751311064594,10.0,15.0,14.0,14.857142857142858,2.34012616672489,10.0,17.0,16.0,14.642857142857142,2.7625835972632866,10.0,19.0,15.5,16.3,4.292334787855494,10.0,35.0,16.0,0,0,12,3,1,1,0,0,0,0,5,0.34285714285714286,0.023529411764705882,0.08571428571428569,1.0,2.0,-4.0,-7.0,-0.2857142857142857,-3.0,-1.0,0,0,0
2026-01-13,17,0.47058823529411764,0.6242642728467978,-1,1,positive,0.2,-0.14285714285714285,-0.4,0.3125,-0.25,10.0,14.0,15.0,16.0,12.0,0.1759103641456583,0.30743135967315033,-0.14285714285714285,0.47058823529411764,0.2,0.09755402160864346,0.28935733991849005,-0.4,0.47058823529411764,0.125,0.12251900760304123,0.26463070979698444,-0.4,0.5,0.15073529411764708,0.12920376922698906,0.25135055354317315,-0.4,0.6428571428571429,0.12916666666666665,13.666666666666666,3.5118845842842474,10.0,17.0,14.0,15.0,2.449489742783189,10.0,17.0,16.0,15.0,2.7174648819470346,10.0,19.0,16.0,16.333333333333332,4.293807355855102,10.0,35.0,16.0,1,0,13,3,1,1,0,0,0,1,4,0.27058823529411763,0.15808823529411764,-0.07226890756302523,1.0,3.0,7.0,1.0,0.7,11.0,1.0,0,0,0
2026-01-14,11,0.18181818181818182,0.9816498172140428,-1,1,positive,0.47058823529411764,0.2,-0.14285714285714285,0.11764705882352941,0.5,17.0,10.0,14.0,17.0,10.0,0.2841354723707665,0.1617285356064685,0.18181818181818182,0.47058823529411764,0.2,0.1067213248935938,0.29111122255731847,-0.4,0.47058823529411764,0.18181818181818182,0.09979173487576849,0.24245149409607566,-0.4,0.47058823529411764,0.15073529411764708,0.13081993084315066,0.25153383168546944,-0.4,0.6428571428571429,0.13392857142857142,12.666666666666666,3.7859388972001855,10.0,17.0,11.0,14.142857142857142,2.672612419124251,10.0,17.0,15.0,15.071428571428571,2.5858873113137033,10.0,19.0,16.0,16.2,4.397491447914679,10.0,35.0,16.0,2,0,14,3,1,1,0,0,0,2,3,-0.2887700534759358,0.06417112299465241,-0.5593582887700534,-1.0,1.0,-6.0,-6.0,-0.3529411764705882,-13.0,-1.0,0,0,0
2026-01-15,16,0.25,0.6831300510639732,-1,1,neutral,0.18181818181818182,0.47058823529411764,0.2,0.125,0.35294117647058826,11.0,17.0,10.0,16.0,17.0,0.3008021390374332,0.15093932206091212,0.18181818181818182,0.47058823529411764,0.25,0.12457846775073667,0.29620853839605366,-0.4,0.47058823529411764,0.2,0.09243879369929789,0.23564908943647053,-0.4,0.47058823529411764,0.15073529411764708,0.13439135941457925,0.25246953570670283,-0.4,0.6428571428571429,0.13392857142857142,14.666666666666666,3.214550253664317,11.0,17.0,16.0,14.142857142857142,2.672612419124251,10.0,17.0,15.0,15.0,2.541955637208975,10.0,19.0,16.0,15.566666666666666,2.5955310842283086,10.0,20.0,16.0,3,0,15,3,1,1,0,0,0,3,2,0.06818181818181818,0.125,0.356951871657754,1.0,1.0,5.0,0.0,0.4545454545454546,11.0,1.0,0,0,0
2026-01-16,17,0.35294117647058826,0.7859052479933758,-1,1,positive,0.25,0.18181818181818182,0.47058823529411764,0.3125,-0.16666666666666666,16.0,11.0,17.0,16.0,12.0,0.2615864527629234,0.08614786265730867,0.18181818181818182,0.35294117647058826,0.25,0.13035577867510642,0.30084280848772654,-0.4,0.47058823529411764,0.2,0.12955363963767325,0.23260020179413507,-0.4,0.47058823529411764,0.17914438502673796,0.13635214372830473,0.25397673818649147,-0.4,0.6428571428571429,0.13392857142857142,14.666666666666666,3.214550253664317,11.0,17.0,16.0,14.285714285714286,2.8115408417382,10.0,17.0,15.0,15.357142857142858,2.437121342805988,10.0,19.0,16.0,15.566666666666666,2.5955310842283086,10.0,20.0,16.0,4,0,16,3,1,1,0,0,0,4,1,0.10294117647058826,0.04044117647058826,0.03475935828877008,1.0,2.0,1.0,1.0,0.0625,-4.0,1.0,0,0,0
2026-01-17,17,0.058823529411764705,0.747545001596402,-1,1,neutral,0.35294117647058826,0.25,0.18181818181818182,-0.4,-0.14285714285714285,17.0,16.0,11.0,15.0,14.0,0.22058823529411764,0.14924840536900344,0.058823529411764705,0.35294117647058826,0.25,0.19590199716250137,0.19866380139879133,-0.14285714285714285,0.47058823529411764,0.2,0.1439594019425952,0.2203540596085639,-0.4,0.47058823529411764,0.17914438502673796,0.13414626137536353,0.2543658212792941,-0.4,0.6428571428571429,0.13392857142857142,16.666666666666668,0.5773502691895961,16.0,17.0,17.0,14.571428571428571,2.99205296617239,10.0,17.0,16.0,15.571428571428571,2.4405007592795327,10.0,19.0,16.0,15.6,2.607680962081055,10.0,20.0,16.0,5,1,17,3,1,1,0,0,0,0,0,-0.29411764705882354,0.45882352941176474,-0.3970588235294118,-1.0,1.0,0.0,2.0,0.0,-1.0,0.0,0,0,0
2026-01-18,17,0.23529411764705882,0.562295714538387,-1,1,neutral,0.058823529411764705,0.35294117647058826,0.25,-0.14285714285714285,0.0,17.0,17.0,16.0,14.0,19.0,0.21568627450980396,0.14803596931903454,0.058823529411764705,0.35294117647058826,0.23529411764705882,0.24992360580595877,0.13112937677712502,0.058823529411764705,0.47058823529411764,0.23529411764705882,0.16076612463167086,0.21748387181885281,-0.4,0.47058823529411764,0.19090909090909092,0.12056082720169407,0.23651670257104912,-0.4,0.5625,0.13392857142857142,17.0,0.0,17.0,17.0,17.0,15.0,3.1091263510296137,10.0,17.0,17.0,15.428571428571429,2.2774576147127763,10.0,17.0,16.0,15.7,2.6017235666460334,10.0,20.0,16.0,6,1,18,3,1,1,0,0,0,0,0,0.1764705882352941,0.37815126050420167,0.47058823529411764,1.0,1.0,0.0,3.0,0.0,0.0,0.0,0,0,0
2026-01-19,15,0.13333333333333333,0.833809387832792,-1,1,positive,0.23529411764705882,0.058823529411764705,0.35294117647058826,0.2,0.17647058823529413,17.0,17.0,17.0,10.0,17.0,0.14248366013071898,0.08859042548945115,0.058823529411764705,0.23529411764705882,0.13333333333333333,0.24039979628214922,0.13761993878516474,0.058823529411764705,0.47058823529411764,0.23529411764705882,0.15768489213867368,0.21754982815031798,-0.4,0.47058823529411764,0.19090909090909092,0.12851404357596308,0.23264101562682607,-0.4,0.5625,0.1380952380952381,16.333333333333332,1.1547005383792392,15.0,17.0,17.0,15.714285714285714,2.2146697055682982,11.0,17.0,17.0,15.285714285714286,2.2336094083368767,10.0,17.0,16.0,15.566666666666666,2.5282314021838435,10.0,20.0,16.0,0,0,19,4,1,1,0,0,0,0,5,-0.10196078431372549,-0.06666666666666668,-0.2784313725490196,-1.0,1.0,-2.0,5.0,-0.11764705882352944,-2.0,-1.0,0,0,0
2026-01-20,18,0.3888888888888889,0.8498365855987975,-1,1,positive,0.13333333333333333,0.23529411764705882,0.058823529411764705,0.47058823529411764,0.3125,15.0,17.0,17.0,17.0,16.0,0.2525054466230937,0.1286442104319825,0.13333333333333333,0.3888888888888889,0.23529411764705882,0.22872846108140227,0.11672206162377347,0.058823529411764705,0.3888888888888889,0.23529411764705882,0.16314124134502286,0.22263005300358435,-0.4,0.47058823529411764,0.19090909090909092,0.14356033987225938,0.23445096440965962,-0.4,0.5625,0.15966386554621848,16.666666666666668,1.527525231651936,15.0,18.0,17.0,15.857142857142858,2.340126166724894,11.0,18.0,17.0,15.428571428571429,2.344036154692482,10.0,18.0,16.0,15.633333333333333,2.566136682108797,10.0,20.0,16.0,1,0,20,4,1,1,0,0,0,1,4,0.25555555555555554,-0.08169934640522875,0.357516339869281,1.0,1.0,3.0,1.0,0.19999999999999996,5.0,1.0,0,0,0
2026-01-21,15,-0.2,0.7745966692414834,-1,1,negative,0.3888888888888889,0.13333333333333333,0.23529411764705882,0.18181818181818182,0.11764705882352941,18.0,15.0,17.0,11.0,17.0,0.10740740740740745,0.29529924837448385,-0.2,0.3888888888888889,0.13333333333333333,0.17418300653594773,0.20104945941148672,-0.2,0.3888888888888889,0.23529411764705882,0.14045216571477076,0.24288784193625335,-0.4,0.47058823529411764,0.19090909090909092,0.11814367320559271,0.22872913107276996,-0.4,0.5,0.1380952380952381,16.0,1.7320508075688705,15.0,18.0,15.0,16.428571428571427,1.1338934190277177,15.0,18.0,17.0,15.285714285714286,2.301456777066065,10.0,18.0,16.0,15.6,2.567703925353513,10.0,20.0,16.0,2,0,21,4,1,1,0,0,0,2,3,-0.5888888888888889,-0.38181818181818183,-0.8444444444444444,-1.0,1.0,-3.0,4.0,-0.16666666666666663,-6.0,-1.0,0,1,1
2026-01-22,20,0.0,0.7254762501100116,-1,1,neutral,-0.2,0.3888888888888889,0.13333333333333333,0.25,0.125,15.0,18.0,15.0,16.0,16.0,0.06296296296296298,0.29945080045477296,-0.2,0.3888888888888889,0.0,0.138468720821662,0.20744004861538057,-0.2,0.3888888888888889,0.13333333333333333,0.13152359428619934,0.24577984502802136,-0.4,0.47058823529411764,0.19090909090909092,0.11422210457814173,0.22974421808157378,-0.4,0.5,0.1380952380952381,17.666666666666668,2.5166114784235742,15.0,20.0,18.0,17.0,1.7320508075689045,15.0,20.0,17.0,15.571428571428571,2.6228078235206063,10.0,20.0,16.0,15.7,2.6800669060099294,10.0,20.0,16.0,3,0,22,4,1,1,0,0,0,3,2,0.2,-0.25,0.788888888888889,1.0,1.0,5.0,4.0,0.33333333333333326,8.0,1.0,0,0,0
2026-01-23,14,-0.14285714285714285,0.6629935441317959,-1,1,neutral,0.0,-0.2,0.3888888888888889,0.35294117647058826,0.3125,20.0,15.0,18.0,17.0,16.0,-0.11428571428571425,0.10301575072754342,-0.2,0.0,-0.14285714285714285,0.06764038948912898,0.20664683331890832,-0.2,0.3888888888888889,0.058823529411764705,0.0989980840821177,0.2500803140192724,-0.4,0.47058823529411764,0.1575757575757576,0.10946019981623696,0.23364079006577942,-0.4,0.5,0.1380952380952381,16.333333333333332,3.2145502536643145,14.0,20.0,15.0,16.571428571428573,2.0701966780270826,14.0,20.0,17.0,15.428571428571429,2.651974176527188,10.0,20.0,15.5,15.566666666666666,2.6611293082829097,10.0,20.0,16.0,4,0,23,4,1,1,0,0,0,4,1,-0.14285714285714285,-0.4957983193277311,-0.34285714285714286,-1.0,1.0,-6.0,-3.0,-0.30000000000000004,-11.0,-1.0,0,0,0
2026-01-24,18,-0.2222222222222222,0.6467616667635545,-1,1,neutral,-0.14285714285714285,0.0,-0.2,0.058823529411764705,-0.4,14.0,20.0,15.0,17.0,15.0,-0.12169312169312167,0.11261268070789904,-0.2222222222222222,0.0,-0.14285714285714285,0.027490996398559422,0.23412114478481372,-0.2222222222222222,0.3888888888888889,0.0,0.1116964967805304,0.226163321969139,-0.2222222222222222,0.47058823529411764,0.1575757575757576,0.1053861257421629,0.23843558054967068,-0.4,0.5,0.1380952380952381,17.333333333333332,3.0550504633038864,14.0,20.0,18.0,16.714285714285715,2.138089935299415,14.0,20.0,17.0,15.642857142857142,2.7345972240938883,10.0,20.0,16.5,15.5,2.56971754787604,10.0,20.0,16.0,5,1,24,4,1,1,0,0,0,0,0,-0.07936507936507936,-0.28104575163398693,0.06349206349206349,-1.0,2.0,4.0,1.0,0.2857142857142858,10.0,1.0,0,0,0
2026-01-25,12,0.16666666666666666,0.5773502691896257,-1,1,neutral,-0.2222222222222222,-0.14285714285714285,0.0,0.23529411764705882,-0.14285714285714285,18.0,14.0,20.0,17.0,14.0,-0.0661375661375661,0.2054825103611791,-0.2222222222222222,0.16666666666666666,-0.14285714285714285,0.01768707482993197,0.2252373468363251,-0.2222222222222222,0.3888888888888889,0.0,0.13380534031794536,0.21417623535881544,-0.2222222222222222,0.47058823529411764,0.17424242424242425,0.10617977653581369,0.23860417281192292,-0.4,0.5,0.15,14.666666666666666,3.055050463303893,12.0,18.0,14.0,16.0,2.768874620972703,12.0,20.0,15.0,15.5,2.8756270219259643,10.0,20.0,16.5,15.433333333333334,2.635085987386278,10.0,20.0,16.0,6,1,25,4,1,1,0,0,0,0,0,0.38888888888888884,-0.06862745098039216,0.4682539682539682,1.0,1.0,-6.0,-5.0,-0.33333333333333337,-10.0,-1.0,0,0,0
2026-01-26,15,0.2,0.7745966692414833,-1,1,neutral,0.16666666666666666,-0.2222222222222222,-0.14285714285714285,0.13333333333333333,0.2,12.0,18.0,14.0,15.0,10.0,0.04814814814814818,0.23474002781467915,-0.2222222222222222,0.2,0.16666666666666666,0.027210884353741496,0.2322427607061602,-0.2222222222222222,0.3888888888888889,0.0,0.13380534031794536,0.21417623535881544,-0.2222222222222222,0.47058823529411764,0.17424242424242425,0.11676801182993134,0.2353549811578965,-0.4,0.5,0.1715686274509804,15.0,2.999999999999999,12.0,18.0,15.0,16.0,2.768874620972703,12.0,20.0,15.0,15.857142857142858,2.4133329285815175,11.0,20.0,16.5,15.366666666666667,2.619335705905194,10.0,20.0,16.0,0,0,26,5,1,1,0,0,0,0,5,0.033333333333333354,0.06666666666666668,-0.3555555555555555,1.0,2.0,3.0,0.0,0.25,9.0,1.0,0,0,0
2026-01-27,18,0.16666666666666666,0.7071067811865476,-1,1,neutral,0.2,0.16666666666666666,-0.2222222222222222,0.3888888888888889,0.47058823529411764,15.0,12.0,18.0,18.0,17.0,0.1777777777777778,0.01924500897298944,0.16666666666666666,0.2,0.16666666666666666,-0.004535147392290253,0.18493352947169794,-0.2222222222222222,0.2,0.0,0.11209665684455598,0.19163033094375456,-0.2222222222222222,0.3888888888888889,0.16666666666666666,0.11004286563110093,0.23075370080247537,-0.4,0.5,0.16666666666666666,15.0,2.999999999999999,12.0,18.0,15.0,16.0,2.768874620972703,12.0,20.0,15.0,15.928571428571429,2.4640269015229093,11.0,20.0,16.5,15.333333333333334,2.577533348168267,10.0,20.0,16.0,1,0,27,5,1,1,0,0,0,1,4,-0.033333333333333354,-0.22222222222222224,-0.06666666666666671,-1.0,1.0,3.0,0.0,0.19999999999999996,0.0,1.0,0,0,0
2026-01-28,17,0.4117647058823529,0.6183469424008423,-1,1,neutral,0.16666666666666666,0.2,0.16666666666666666,-0.2,0.18181818181818182,18.0,15.0,12.0,15.0,11.0,0.25947712418300656,0.13293384983763218,0.16666666666666666,0.4117647058823529,0.2,0.08285981059090301,0.21864597351369294,-0.2222222222222222,0.4117647058823529,0.16666666666666666,0.12852140856342537,0.2072811955907812,-0.2222222222222222,0.4117647058823529,0.16666666666666666,0.11487946693829046,0.2356190756178098,-0.4,0.5,0.16666666666666666,16.666666666666668,1.5275252316519365,15.0,18.0,17.0,16.285714285714285,2.751622897751188,12.0,20.0,17.0,16.357142857142858,2.0232168923292946,12.0,20.0,17.0,15.4,2.5944237284527363,10.0,20.0,16.0,2,0,28,5,1,1,0,0,0,2,3,0.24509803921568626,0.611764705882353,0.2784313725490196,1.0,1.0,-1.0,2.0,-0.05555555555555558,-4.0,-1.0,0,0,0
2026-01-29,17,-0.23529411764705882,0.8313702367707394,-1,1,negative,0.4117647058823529,0.16666666666666666,0.2,0.0,0.25,17.0,18.0,15.0,20.0,16.0,0.11437908496732029,0.3266829865125992,-0.23529411764705882,0.4117647058823529,0.16666666666666666,0.04924636521275176,0.2494271765042385,-0.23529411764705882,0.4117647058823529,0.16666666666666666,0.09385754301720688,0.22520656184626064,-0.23529411764705882,0.4117647058823529,0.15,0.11536966301672183,0.23484781721266648,-0.4,0.5,0.16666666666666666,17.333333333333332,0.5773502691895911,17.0,18.0,17.0,15.857142857142858,2.2677868380553754,12.0,18.0,17.0,16.428571428571427,2.027286390693265,12.0,20.0,17.0,15.566666666666666,2.5282314021838435,10.0,20.0,16.0,3,0,29,5,1,1,0,0,0,3,2,-0.6470588235294117,-0.23529411764705882,-0.892156862745098,-1.0,1.0,0.0,-3.0,0.0,1.0,0.0,0,1,1
2026-01-30,17,-0.29411764705882354,0.6859943405700354,-1,1,neutral,-0.23529411764705882,0.4117647058823529,0.16666666666666666,-0.14285714285714285,0.35294117647058826,17.0,17.0,18.0,14.0,17.0,-0.039215686274509776,0.3916663599105527,-0.29411764705882354,0.4117647058823529,-0.23529411764705882,0.027637721755368803,0.2741684552360877,-0.29411764705882354,0.4117647058823529,0.16666666666666666,0.0476390556222489,0.23416435391769871,-0.29411764705882354,0.4117647058823529,0.09607843137254901,0.08889907478142772,0.23475372421682666,-0.4,0.47058823529411764,0.15,17.0,0.0,17.0,17.0,17.0,16.285714285714285,2.1380899352994116,12.0,18.0,17.0,16.428571428571427,2.027286390693265,12.0,20.0,17.0,15.8,2.3103962938168725,10.0,20.0,16.5,4,0,30,5,1,1,0,0,0,4,1,-0.05882352941176472,-0.1512605042016807,0.588235294117647,-1.0,2.0,0.0,3.0,0.0,0.0,0.0,0,0,0
2026-01-31,17,0.23529411764705882,0.7524469885568252,-1,1,neutral,-0.29411764705882354,-0.23529411764705882,0.4117647058823529,-0.2222222222222222,0.058823529411764705,17.0,17.0,17.0,18.0,17.0,-0.09803921568627448,0.2901695801362501,-0.29411764705882354,0.23529411764705882,-0.23529411764705882,0.09299719887955181,0.2587786085568997,-0.29411764705882354,0.4117647058823529,0.16666666666666666,0.06024409763905562,0.23950159643986363,-0.29411764705882354,0.4117647058823529,0.15,0.08497750615397676,0.23114571729364633,-0.4,0.47058823529411764,0.15,17.0,0.0,17.0,17.0,17.0,16.142857142857142,2.0354009783964457,12.0,18.0,17.0,16.428571428571427,2.027286390693265,12.0,20.0,17.0,15.8,2.3103962938168725,10.0,20.0,16.5,5,1,31,5,1,1,0,1,0,0,0,0.5294117647058824,0.45751633986928103,0.5882352941176471,1.0,1.0,0.0,-1.0,0.0,0.0,0.0,0,1,1
2026-02-01,15,0.7333333333333333,0.4577377082170635,0,1,positive,0.23529411764705882,-0.29411764705882354,-0.23529411764705882,0.16666666666666666,0.23529411764705882,17.0,17.0,17.0,12.0,17.0,0.22483660130718955,0.5138053123637396,-0.29411764705882354,0.7333333333333333,0.23529411764705882,0.17394957983193277,0.3560263024482951,-0.29411764705882354,0.7333333333333333,0.2,0.09581832733093236,0.2974742961504252,-0.29411764705882354,0.7333333333333333,0.15,0.11497750615397674,0.25457621479190673,-0.4,0.7333333333333333,0.16666666666666666,16.333333333333332,1.154700538379241,15.0,17.0,17.0,16.571428571428573,1.1338934190277172,15.0,18.0,17.0,16.285714285714285,2.0542103640523863,12.0,20.0,17.0,15.9,2.2026629651244916,10.0,20.0,16.5,6,1,1,5,2,1,1,0,0,0,0,0.49803921568627446,0.5666666666666667,-0.0313725490196079,1.0,2.0,-2.0,3.0,-0.11764705882352944,-2.0,-1.0,0,1,1
2026-02-02,7,0.2857142857142857,0.7559289460184544,-1,1,neutral,0.7333333333333333,0.23529411764705882,-0.29411764705882354,0.2,0.13333333333333333,15.0,17.0,17.0,15.0,15.0,0.4181139122315593,0.2741496141102243,0.23529411764705882,0.7333333333333333,0.2857142857142857,0.18619447779111642,0.3585367323389729,-0.29411764705882354,0.7333333333333333,0.23529411764705882,0.10670268107242897,0.301710122017077,-0.29411764705882354,0.7333333333333333,0.16666666666666666,0.12926322043969102,0.25161631420710046,-0.4,0.7333333333333333,0.1715686274509804,13.0,5.291502622129184,7.0,17.0,15.0,15.428571428571429,3.8234863173611147,7.0,18.0,17.0,15.714285714285714,3.220811446456684,7.0,20.0,17.0,15.666666666666666,2.7207166060754457,7.0,20.0,16.5,0,0,2,6,2,1,0,0,0,0,5,-0.4476190476190476,0.08571428571428569,-0.9456582633053221,-1.0,1.0,-8.0,-8.0,-0.5333333333333333,-6.0,-1.0,0,1,1
2026-02-03,14,0.21428571428571427,0.8017837257372731,-1,1,positive,0.2857142857142857,0.7333333333333333,0.23529411764705882,0.16666666666666666,0.3888888888888889,7.0,15.0,17.0,18.0,18.0,0.41111111111111115,0.2813287766554497,0.21428571428571427,0.7333333333333333,0.2857142857142857,0.1929971988795518,0.3585562191342021,-0.29411764705882354,0.7333333333333333,0.23529411764705882,0.09423102574363078,0.29262005202320807,-0.29411764705882354,0.7333333333333333,0.16666666666666666,0.13640607758254816,0.2508606942546814,-0.4,0.7333333333333333,0.17914438502673796,12.0,4.358898943540678,7.0,15.0,14.0,14.857142857142858,3.6709931185158187,7.0,17.0,17.0,15.428571428571429,3.1796053387000933,7.0,20.0,16.0,15.5,2.6619930308984094,7.0,20.0,16.0,1,0,3,6,2,1,0,0,0,1,4,-0.07142857142857142,0.047619047619047616,0.3761904761904762,-1.0,2.0,7.0,-4.0,1.0,15.0,1.0,0,0,0
2026-02-04,12,0.5,0.674199862463242,-1,1,positive,0.21428571428571427,0.2857142857142857,0.7333333333333333,0.4117647058823529,-0.2,14.0,7.0,15.0,17.0,15.0,0.3333333333333333,0.14869042853329498,0.21428571428571427,0.5,0.2857142857142857,0.2056022408963585,0.36892968206799387,-0.29411764705882354,0.7333333333333333,0.23529411764705882,0.14423102574363078,0.298228229195458,-0.29411764705882354,0.7333333333333333,0.18333333333333335,0.14719039130803838,0.25944954213218757,-0.4,0.7333333333333333,0.19090909090909092,11.0,3.605551275463997,7.0,14.0,12.0,14.142857142857142,3.670993118515815,7.0,17.0,15.0,15.214285714285714,3.309161442200951,7.0,20.0,16.0,15.333333333333334,2.720716606075445,7.0,20.0,16.0,2,0,4,6,2,1,0,0,0,2,3,0.2857142857142857,0.08823529411764708,0.3571428571428571,1.0,1.0,-2.0,-5.0,-0.1428571428571429,-9.0,-1.0,0,0,0
2026-02-05,12,0.25,0.753778361444409,-1,1,neutral,0.5,0.21428571428571427,0.2857142857142857,-0.23529411764705882,0.0,12.0,14.0,7.0,17.0,20.0,0.32142857142857145,0.15567496226930957,0.21428571428571427,0.5,0.25,0.2749299719887955,0.3137387139569987,-0.29411764705882354,0.7333333333333333,0.25,0.16208816860077363,0.2964068407769269,-0.29411764705882354,0.7333333333333333,0.20714285714285713,0.14510705797470502,0.2583248571646937,-0.4,0.7333333333333333,0.19090909090909092,12.666666666666666,1.1547005383792652,12.0,14.0,12.0,13.428571428571429,3.505098327538652,7.0,17.0,14.0,14.642857142857142,3.103525113780806,7.0,18.0,15.0,15.2,2.7841918285080514,7.0,20.0,16.0,3,0,5,6,2,1,0,0,0,3,2,-0.25,0.4852941176470588,-0.5357142857142857,-1.0,1.0,0.0,-5.0,0.0,2.0,0.0,0,0,0
2026-02-06,15,0.2,0.8618916073713347,-1,1,positive,0.25,0.5,0.21428571428571427,-0.29411764705882354,-0.14285714285714285,12.0,12.0,14.0,17.0,14.0,0.3166666666666667,0.16072751268321572,0.2,0.5,0.25,0.34551820728291316,0.1989607578716894,0.2,0.7333333333333333,0.25,0.186577964519141,0.2831404056285927,-0.29411764705882354,0.7333333333333333,0.20714285714285713,0.14785215601392074,0.2584605178731924,-0.4,0.7333333333333333,0.2,13.0,1.7320508075688847,12.0,15.0,12.0,13.142857142857142,3.2366943748507424,7.0,17.0,14.0,14.714285714285714,3.0990959333966477,7.0,18.0,15.0,15.133333333333333,2.76347274442781,7.0,20.0,15.5,4,0,6,6,2,1,0,0,0,4,1,-0.04999999999999999,0.49411764705882355,0.2,-1.0,2.0,3.0,-2.0,0.25,3.0,1.0,0,0,0
2026-02-07,13,0.07692307692307693,0.6405126152203485,-1,1,neutral,0.2,0.25,0.5,0.23529411764705882,-0.2222222222222222,15.0,12.0,12.0,17.0,18.0,0.17564102564102568,0.08907258303939357,0.07692307692307693,0.25,0.2,0.3228937728937729,0.22133053635314576,0.07692307692307693,0.7333333333333333,0.25,0.20794548588666234,0.2602816476015436,-0.29411764705882354,0.7333333333333333,0.20714285714285713,0.1462495919113566,0.25875597654628274,-0.4,0.7333333333333333,0.2,13.333333333333334,1.5275252316519534,12.0,15.0,13.0,12.571428571428571,2.760262237369407,7.0,15.0,13.0,14.357142857142858,2.9770181999170577,7.0,18.0,15.0,15.033333333333333,2.785223736859893,7.0,20.0,15.0,5,1,7,6,2,1,0,0,0,0,0,-0.12307692307692308,-0.1583710407239819,-0.0730769230769231,-1.0,3.0,-2.0,-4.0,-0.1333333333333333,-5.0,-1.0,0,0,0
2026-02-08,17,0.058823529411764705,0.6586528140164322,-1,1,neutral,0.07692307692307693,0.2,0.25,0.7333333333333333,0.16666666666666666,13.0,15.0,12.0,15.0,12.0,0.11191553544494726,0.07681831212016671,0.058823529411764705,0.2,0.07692307692307693,0.22653522947640595,0.14730971705131926,0.058823529411764705,0.5,0.21428571428571427,0.20024240465416937,0.26317698951850843,-0.29411764705882354,0.7333333333333333,0.20714285714285713,0.13779370955841544,0.2572764557877,-0.4,0.7333333333333333,0.19090909090909092,15.0,1.9999999999999991,13.0,17.0,15.0,12.857142857142858,3.1320159337914872,7.0,17.0,13.0,14.714285714285714,2.9724005172864687,7.0,18.0,15.0,15.066666666666666,2.8031181324317718,7.0,20.0,15.0,6,1,8,6,2,1,0,0,0,0,0,-0.018099547511312222,-0.6745098039215686,0.10497737556561086,-1.0,4.0,4.0,2.0,0.3076923076923077,6.0,1.0,0,0,0
2026-02-09,14,0.14285714285714285,0.6629935441317958,-1,1,neutral,0.058823529411764705,0.07692307692307693,0.2,0.2857142857142857,0.2,17.0,13.0,15.0,7.0,15.0,0.0928679163973282,0.044227711636106316,0.058823529411764705,0.14285714285714285,0.07692307692307693,0.2061270662110998,0.14763994830580776,0.058823529411764705,0.5,0.2,0.19616077200110812,0.2636237754709453,-0.29411764705882354,0.7333333333333333,0.20714285714285713,0.15588894765365352,0.23638983739184896,-0.29411764705882354,0.7333333333333333,0.19090909090909092,14.666666666666666,2.081665999466133,13.0,17.0,14.0,13.857142857142858,1.7728105208558314,12.0,17.0,14.0,14.642857142857142,2.9770181999170573,7.0,18.0,15.0,15.033333333333333,2.809875851145481,7.0,20.0,15.0,0,0,9,7,2,1,0,0,0,0,5,0.08403361344537814,-0.14285714285714285,0.10213316095669037,1.0,1.0,-3.0,7.0,-0.17647058823529416,-7.0,-1.0,0,0,0
2026-02-10,12,0.0,0.7385489458759964,-1,1,neutral,0.14285714285714285,0.058823529411764705,0.07692307692307693,0.21428571428571427,0.16666666666666666,14.0,17.0,13.0,14.0,18.0,0.06722689075630256,0.07179835080098797,0.0,0.14285714285714285,0.058823529411764705,0.1755148213131406,0.1666570146223429,0.0,0.5,0.14285714285714285,0.18425601009634623,0.26877105701474235,-0.29411764705882354,0.7333333333333333,0.20714285714285713,0.1606508524155583,0.23155370023912114,-0.29411764705882354,0.7333333333333333,0.19090909090909092,14.333333333333334,2.5166114784235845,12.0,17.0,14.0,13.571428571428571,1.9023794624226766,12.0,17.0,13.0,14.214285714285714,2.8870685539427137,7.0,17.0,14.5,14.966666666666667,2.858542350187602,7.0,20.0,15.0,1,0,10,7,2,1,0,0,0,1,4,-0.14285714285714285,-0.21428571428571427,-0.22689075630252098,-1.0,1.0,-2.0,-2.0,-0.1428571428571429,1.0,-1.0,0,0,0
2026-02-11,16,-0.1875,0.6551081335677849,-1,1,neutral,0.0,0.14285714285714285,0.058823529411764705,0.5,0.4117647058823529,12.0,14.0,17.0,12.0,17.0,-0.014880952380952347,0.16568054356805714,-0.1875,0.14285714285714285,0.0,0.0773005355988549,0.14469172460440843,-0.1875,0.25,0.07692307692307693,0.14145138824760675,0.27733393914426857,-0.29411764705882354,0.7333333333333333,0.17142857142857143,0.14773418574889163,0.23993905972193616,-0.29411764705882354,0.7333333333333333,0.17424242424242425,14.0,2.000000000000002,12.0,16.0,14.0,14.142857142857142,1.9518001458970633,12.0,17.0,14.0,14.142857142857142,2.8245392505720317,7.0,17.0,14.5,15.166666666666666,2.704827527592648,7.0,20.0,15.5,2,0,11,7,2,1,0,0,0,2,3,-0.1875,-0.6875,-0.04464285714285715,-1.0,2.0,4.0,4.0,0.33333333333333326,6.0,1.0,0,0,0
2026-02-12,19,0.15789473684210525,0.6882472016116853,-1,1,neutral,-0.1875,0.0,0.14285714285714285,0.25,-0.23529411764705882,16.0,12.0,14.0,12.0,17.0,-0.009868421052631545,0.17290870527567687,-0.1875,0.15789473684210525,0.0,0.06414264086201281,0.12978994563411703,-0.1875,0.2,0.07692307692307693,0.16953630642540415,0.25527873304880233,-0.29411764705882354,0.7333333333333333,0.17894736842105263,0.13731106913382454,0.23209399684096385,-0.29411764705882354,0.7333333333333333,0.16666666666666666,15.666666666666666,3.511884584284244,12.0,19.0,16.0,15.142857142857142,2.4102953780654808,12.0,19.0,15.0,14.285714285714286,3.023715784073824,7.0,19.0,14.5,15.233333333333333,2.775301578310848,7.0,20.0,15.5,3,0,12,7,2,1,0,0,0,3,2,0.34539473684210525,-0.09210526315789475,0.5328947368421053,1.0,1.0,3.0,7.0,0.1875,-1.0,1.0,0,0,0
